session_swing,hand_speed_mag_swing_max_velo_x,hand_speed_mag_swing_max_velo_x_pct,torso_angular_velocity_swing_max_x,torso_angular_velocity_swing_max_x_pct,swing_efficiency,swing_efficiency_pct,bat_torso_angle_connection_x,bat_torso_angle_connection_x_pct,attack_angle_contact_x,attack_angle_contact_x_pct,poi_x,poi_x_pct,poi_y,poi_y_pct,pitch_angle,pitch_angle_pct,exit_velo_mph_x,exit_velo_mph_x_pct
103_1,1527.4279,7.4,775.7749,6.2,2.8938,13.3,121.0109,85.7,5.7984,60.9,-2.16,12.7,28.02,34.9,-7.0,28.9,97.2,86.1
103_2,1534.3438,7.9,775.3766,6.0,2.9806,21.2,124.9791,90.7,0.2952,26.3,-3.67,6.2,24.45,21.3,-7.2,21.3,88.8,36.7
103_3,1497.3859,5.9,793.0441,8.4,3.1746,44.8,122.6542,88.1,7.9991,73.8,-0.77,21.3,33.68,72.5,-6.4,59.2,88.9,37.2
103_4,1400.993,2.1,819.989,13.6,2.7059,5.3,119.3526,80.9,-0.0462,25.0,-4.2,5.8,35.8,85.5,-5.8,78.7,83.1,18.0
103_5,1548.1466,9.3,774.5865,5.7,3.0629,31.0,125.0015,90.9,8.7967,78.8,0.84,49.1,32.45,63.2,-6.5,55.0,91.6,53.6
123_1,1599.7023,16.7,921.7173,51.6,2.9061,13.9,88.9192,6.2,5.7267,60.4,3.41,69.7,32.07,61.6,-6.8,38.1,74.6,3.6
123_2,1596.892,15.8,893.4857,39.8,2.9337,16.2,88.5941,5.5,7.4062,71.3,2.33,59.9,32.88,66.7,-7.2,21.3,75.4,4.3
123_3,1661.3564,26.9,936.7556,59.9,2.9286,16.0,85.9405,2.6,11.412,91.7,1.63,54.7,36.58,88.3,-6.6,50.1,76.1,5.3
123_4,1623.4452,21.5,943.4986,64.4,3.0506,29.1,89.2442,6.9,12.0787,93.3,0.63,46.4,35.74,85.0,-6.7,43.8,82.1,15.8
123_5,1641.9329,23.8,951.7537,70.1,2.8563,11.7,84.3879,1.5,5.2066,57.1,0.76,47.7,34.7,79.3,-6.6,50.1,74.5,3.4
123_6,1598.3566,16.2,959.0009,74.2,2.6798,4.6,91.2722,10.2,4.378,51.6,-0.25,25.0,32.8,66.3,-6.9,32.8,74.1,2.9
123_7,1558.3923,10.2,876.5067,32.2,2.6287,3.1,91.0823,10.0,-3.9535,9.1,3.38,69.3,27.73,33.3,-7.2,21.3,73.2,2.2
123_8,2041.3251,84.7,853.093,22.4,2.9119,14.5,91.2759,10.3,9.1746,81.4,2.12,57.3,18.78,15.5,-8.8,2.1,57.1,0.7
123_9,1482.4194,4.8,831.7553,16.5,2.7457,6.7,85.8996,2.4,-4.3899,8.1,0.0,34.4,0.0,7.5,0.0,95.8,78.7,8.2
125_1,1966.6125,76.2,897.3729,41.5,3.6662,97.2,97.5497,23.1,12.0854,93.5,-1.65,15.8,41.87,98.1,-6.0,73.8,85.2,22.5
125_2,2013.1692,81.8,914.567,48.4,3.4997,83.8,111.2325,64.4,4.4232,51.8,-2.12,13.5,37.52,90.5,-6.3,64.2,90.0,43.9
125_3,1934.5156,73.1,914.4344,48.2,3.5332,86.7,105.1135,43.7,6.4629,65.9,-1.34,18.3,39.97,96.7,-5.9,76.3,90.3,45.4
125_4,1908.7636,70.2,940.2819,61.6,3.4436,80.0,100.8701,29.9,8.2426,75.2,-2.3,12.0,36.85,89.3,-6.2,68.2,98.1,89.0
125_5,1969.7247,76.8,934.1163,58.2,3.5163,85.9,96.7548,21.7,3.4492,45.3,-3.01,8.7,31.55,56.7,-6.8,38.1,93.9,68.9
125_6,1864.7769,63.7,937.0352,60.1,3.4244,77.6,96.5483,20.8,15.7756,98.3,-0.35,24.1,36.38,87.5,-6.4,59.2,86.3,26.2
125_7,2013.8386,81.9,954.2947,71.4,3.656,96.6,98.6455,25.5,8.719,78.3,3.08,65.8,38.68,93.8,-6.0,73.8,89.3,39.8
140_1,1611.6892,19.1,1036.7578,94.3,3.6138,92.6,115.5373,74.4,2.4568,37.5,-1.48,17.6,31.55,56.7,-5.5,84.3,93.2,64.4
140_2,1635.5471,22.5,1014.9691,91.9,3.514,85.0,109.0811,55.6,-7.0252,3.6,-3.27,7.6,27.02,29.8,-5.6,82.8,93.9,68.9
140_3,1582.7889,13.6,1066.259,96.9,3.5132,84.9,115.4885,74.0,-3.916,9.3,0.0,34.4,0.0,7.5,0.0,95.8,92.8,62.0
140_4,1771.1135,46.5,1017.9374,92.4,3.5244,86.2,115.2644,73.0,-0.2427,23.9,1.71,55.2,28.48,37.9,-6.4,59.2,90.6,47.9
140_5,1534.613,8.1,1144.3729,99.7,3.4505,80.7,111.7086,66.3,2.6121,38.9,7.14,92.3,32.24,62.1,-5.8,78.7,90.8,49.1
140_6,1642.0283,23.9,987.8556,84.3,3.4508,80.9,113.3816,70.2,0.3546,27.2,6.7,91.2,29.52,42.9,-5.8,78.7,90.4,46.1
140_7,1589.1506,14.5,1060.2632,96.0,3.6715,97.6,119.9686,83.5,-0.3624,23.4,0.0,34.4,0.0,7.5,0.0,95.8,92.4,59.2
140_8,1701.3723,34.1,1038.0801,94.5,3.1815,45.6,116.2253,74.7,4.624,53.4,-7.47,1.4,29.02,40.1,-5.8,78.7,89.4,40.4
160_1,1421.4818,2.4,846.4191,19.8,3.2801,59.6,96.1934,20.0,3.3442,44.1,3.5,71.3,19.29,15.7,-9.1,1.0,75.2,4.1
160_2,1397.6013,1.7,836.0643,17.2,3.3335,69.0,90.9244,9.8,9.3515,82.8,0.66,46.8,25.4,23.6,-8.5,3.4,75.6,4.5
160_3,1433.0162,2.8,819.3179,13.4,3.3011,62.8,87.4881,4.5,-0.6712,21.2,-2.4,11.4,17.48,15.3,-8.6,2.9,84.7,21.0
160_4,1518.1834,6.4,858.1351,24.8,3.211,49.6,95.1556,17.4,-6.9742,3.8,-0.96,19.8,14.98,15.0,-9.0,1.4,81.4,13.5
160_5,1464.5327,3.8,878.3787,33.4,3.2699,57.3,89.0298,6.5,-2.0179,15.5,5.29,84.2,23.12,18.9,-8.2,4.6,81.9,15.1
160_6,1497.6931,6.0,861.2874,26.3,3.3319,68.7,88.8512,6.0,-4.6563,7.1,-5.19,3.8,20.5,16.5,-8.3,4.1,80.5,11.0
160_7,1581.465,13.1,942.0701,63.2,3.2519,54.7,87.2494,4.1,3.3202,43.5,3.17,66.6,26.99,29.5,-8.5,3.4,86.4,26.9
160_8,1505.4874,6.2,896.9807,41.3,3.2913,61.1,89.9237,7.6,2.2451,36.5,4.17,77.1,27.53,31.8,-7.4,14.6,75.9,4.8
164_2,2036.5951,84.3,939.1716,60.9,3.6594,97.1,101.5106,31.8,6.5852,66.4,1.73,55.4,39.6,96.0,-6.1,71.3,91.2,51.1
164_3,1672.8792,28.6,949.7597,68.2,3.7606,99.0,95.5825,18.6,7.0842,68.7,-1.36,18.1,34.15,75.7,-6.8,38.1,94.1,71.0
164_4,1675.0103,29.1,971.7035,78.3,3.5334,86.9,99.7148,27.4,6.1061,63.0,3.36,68.9,33.71,73.0,-6.7,43.8,89.7,42.2
164_5,1734.0518,39.9,971.7608,78.5,3.7438,98.6,94.6924,16.2,5.748,60.6,3.21,67.0,37.05,89.7,-7.3,17.6,104.2,99.2
164_6,1655.3043,26.2,955.1552,71.6,3.7157,98.3,100.0298,28.4,6.227,63.7,0.82,48.5,33.59,72.0,-6.9,32.8,98.6,90.4
164_7,1696.2534,32.5,963.7562,76.4,3.6435,95.2,101.0927,30.8,8.2443,75.4,4.16,76.9,38.34,92.6,-6.8,38.1,91.9,56.0
164_8,1647.8418,24.6,960.5126,74.5,3.5007,84.0,95.6997,18.9,14.2048,96.4,0.0,34.4,0.0,7.5,0.0,95.8,89.7,42.2
164_9,1717.6556,36.7,1000.9654,89.0,3.2313,52.0,95.7453,19.1,5.4987,59.5,-3.08,8.4,33.46,70.6,-6.9,32.8,99.9,93.1
167_2,2116.9697,91.4,940.5644,62.1,3.7706,99.1,110.9497,62.7,11.8257,92.8,-2.03,14.5,30.27,47.6,-7.4,14.6,87.3,29.7
167_3,2081.3489,88.8,948.4964,67.8,3.245,53.9,108.0085,52.0,4.9965,55.6,4.25,77.8,33.34,69.4,-7.0,28.9,97.8,88.1
167_4,2066.6746,86.9,947.7775,67.1,3.394,75.2,109.4204,56.8,9.7433,85.0,-0.32,24.3,29.74,43.7,-7.8,7.5,90.4,46.1
167_5,2057.5823,86.1,925.6255,53.4,3.4963,83.5,106.3239,47.8,7.4748,71.8,-1.78,15.7,31.66,57.8,-7.3,17.6,94.5,73.1
167_6,2155.583,92.8,903.9458,44.2,3.6184,93.3,109.7248,58.5,9.2012,81.9,0.0,34.4,0.0,7.5,0.0,95.8,89.1,38.4
167_7,2097.6289,90.0,942.9363,63.9,3.375,74.4,108.0226,52.2,9.1922,81.6,-0.72,22.0,33.84,74.0,-7.1,25.6,97.5,87.2
167_8,2113.5635,91.2,946.5244,66.3,3.3089,64.7,108.1412,52.7,7.8056,72.8,-4.31,5.2,29.15,41.3,-7.4,14.6,97.2,86.1
17_1,1985.822,79.0,935.7427,59.6,3.2052,48.7,115.2647,73.1,6.8001,67.5,2.61,62.4,27.2,30.4,-6.2,68.2,96.5,83.6
17_2,2063.3098,86.6,989.8839,85.0,3.1926,46.6,124.5274,90.2,9.9961,86.6,-3.48,7.1,24.55,21.9,-6.6,50.1,97.0,85.6
17_3,1903.9856,69.7,959.0518,74.4,3.1763,44.9,118.609,78.7,9.8531,86.1,3.47,70.8,31.51,56.5,-5.6,82.8,97.4,86.7
17_4,1893.3812,68.2,986.2527,83.6,3.2581,55.4,121.3374,86.4,10.6642,90.0,0.0,34.4,0.0,7.5,0.0,95.8,98.2,89.4
17_5,2074.0601,88.0,993.5082,86.9,3.3866,74.9,124.7249,90.5,12.485,94.1,2.11,57.1,35.1,80.6,-5.8,78.7,97.8,88.1
174_1,1695.4988,32.2,977.5128,80.0,3.4776,82.4,117.2075,75.9,9.1395,80.7,-1.47,17.7,42.08,98.5,-5.8,78.7,81.1,12.6
174_2,1633.6425,22.2,928.8342,55.4,3.4912,83.1,119.4554,81.4,-1.1346,19.1,6.78,91.7,38.15,92.4,-5.8,78.7,79.7,9.8
174_3,1711.1967,35.5,940.8196,62.5,3.5711,90.4,119.9377,83.3,14.7171,97.6,3.83,74.4,41.23,97.6,-5.6,82.8,78.9,8.9
174_4,1638.7661,23.2,948.4382,67.6,3.4646,81.2,117.9084,76.6,-0.3109,23.8,5.63,86.1,35.55,83.6,-6.4,59.2,77.0,6.4
174_5,1456.4301,3.6,826.2573,14.8,3.4292,78.5,118.873,79.3,4.9477,55.4,0.0,34.4,0.0,7.5,-6.7,43.8,76.9,6.1
174_6,1584.6976,13.9,831.6255,16.2,3.5159,85.7,120.5795,84.5,-3.1571,11.9,11.19,98.3,31.44,55.9,-7.0,28.9,77.4,6.8
174_7,1573.0392,11.5,875.5094,31.3,3.4228,77.3,119.3874,81.1,-4.7123,6.5,7.63,93.3,33.59,72.0,-6.4,59.2,87.2,29.3
174_8,1754.8496,43.5,982.1747,82.3,3.4311,78.7,119.7635,82.4,3.2949,43.4,0.37,44.3,37.75,91.0,-6.0,73.8,77.8,7.1
178_1,1582.3668,13.4,678.2574,0.5,3.3998,75.4,101.9838,32.2,-0.5588,21.9,0.0,34.4,0.0,7.5,-7.8,7.5,76.9,6.1
178_2,1766.4188,45.4,650.3047,0.2,3.425,77.8,103.1165,37.0,14.3266,96.7,6.59,90.4,26.11,25.5,-7.7,9.0,77.3,6.5
178_3,1757.4633,44.1,739.2662,1.5,3.3207,67.5,94.5644,15.7,8.4552,76.4,6.63,90.7,26.92,29.1,-6.8,38.1,72.8,1.9
178_4,1693.0643,31.3,715.4396,1.2,3.2736,58.0,93.2737,12.0,8.9127,79.3,0.0,34.4,0.0,7.5,-9.3,0.7,84.3,20.1
178_5,1870.1686,64.7,673.1734,0.3,3.3367,69.5,88.3662,5.2,12.937,95.2,3.67,72.1,29.16,41.5,-9.0,1.4,79.6,9.6
178_6,1707.7865,35.1,680.312,0.7,3.3038,63.7,95.8866,19.4,5.2912,57.8,3.77,73.1,22.52,17.9,-8.6,2.9,84.5,20.7
178_7,1684.6896,30.3,744.4984,1.9,3.5152,85.5,90.7631,9.3,16.7876,99.1,6.72,91.5,28.56,38.4,-6.5,55.0,80.1,10.2
178_8,1556.9136,9.8,702.4617,0.9,3.0182,25.5,84.3998,1.7,14.5956,97.4,5.25,83.6,28.09,35.4,-7.4,14.6,75.0,4.0
179_1,2088.4065,89.5,1069.224,97.1,3.0918,34.8,109.5982,57.7,-0.3922,23.1,5.01,81.9,36.71,88.8,-6.4,59.2,101.2,96.2
179_2,1895.5906,68.5,1022.1777,92.9,3.2988,62.7,110.8173,62.1,-3.3392,10.8,9.77,97.4,35.99,86.9,-6.4,59.2,93.7,67.6
179_3,1973.7747,77.5,1073.1526,97.6,3.216,50.1,109.4927,57.3,4.5184,52.5,0.0,34.4,0.0,7.5,0.0,95.8,95.5,78.7
179_4,1944.5734,74.4,1021.2927,92.8,3.0902,34.6,110.9942,63.7,-6.3789,5.0,10.78,98.1,31.88,59.3,-6.8,38.1,93.0,63.2
179_5,2034.4502,84.2,1076.851,98.1,3.2832,60.1,112.8826,68.8,6.637,66.7,5.04,82.3,38.82,95.0,-5.9,76.3,92.4,59.2
179_6,1973.0345,77.3,1025.1193,93.3,3.4425,79.9,112.3547,67.6,6.0971,62.8,6.0,88.0,41.41,97.8,-5.8,78.7,98.7,90.8
179_7,1913.1676,70.9,1038.5387,94.7,3.3328,68.8,110.3089,60.2,-1.4127,17.9,0.0,34.4,0.0,7.5,0.0,95.8,106.7,99.8
180_2,1720.8092,37.7,886.2363,36.1,3.1798,45.4,102.6764,34.9,-6.9714,4.0,0.0,34.4,0.0,7.5,-10.5,0.2,83.7,18.8
180_3,1557.02,10.0,830.2324,15.7,3.2871,60.9,104.9503,42.9,-2.8834,13.3,0.0,34.4,0.0,7.5,-8.0,5.9,89.5,40.9
180_4,1773.1198,47.0,877.3553,32.9,3.3182,66.6,103.5077,38.0,-1.356,18.2,0.0,34.4,0.0,7.5,-7.2,21.3,96.4,82.9
180_5,1952.106,74.7,891.2131,38.9,3.1388,40.3,104.0036,39.6,-0.4252,22.9,9.33,96.6,19.75,16.0,-8.7,2.4,85.2,22.5
180_6,1879.734,66.4,889.3676,37.5,3.1958,47.2,104.2726,41.0,-4.6962,6.9,11.48,98.6,17.37,15.1,-8.9,1.8,89.3,39.8
180_7,1746.2184,41.3,852.7307,22.2,2.283,0.3,102.0396,32.7,0.4638,27.7,11.58,98.8,24.24,20.7,-7.0,28.9,86.8,27.9
180_8,1617.2311,20.3,875.9672,31.8,3.0834,34.1,105.9335,46.0,4.2643,50.1,0.0,34.4,0.0,7.5,0.0,95.8,83.8,19.1
185_1,1694.7347,31.8,914.3306,48.0,2.9591,18.9,132.8499,96.2,12.8084,94.8,1.66,54.9,33.6,72.3,-6.4,59.2,86.8,27.9
185_2,1655.6085,26.3,962.5801,75.9,3.2232,50.9,128.842,93.6,10.6903,90.2,0.0,34.4,0.0,7.5,0.0,95.8,90.5,47.1
185_3,1786.3766,48.9,956.0262,71.8,2.956,18.2,131.4867,95.0,17.7206,99.7,0.0,34.4,0.0,7.5,0.0,95.8,91.8,55.2
185_4,1648.8085,24.8,1074.5431,97.8,3.2778,58.9,128.7524,93.5,11.5605,92.1,0.0,34.4,0.0,7.5,0.0,95.8,90.2,44.8
185_5,1497.2688,5.7,950.462,68.8,3.0863,34.3,128.3407,92.8,10.348,88.5,4.27,78.0,33.37,70.1,-6.9,32.8,96.6,84.3
185_6,1827.885,58.3,986.741,84.0,3.0152,25.3,131.2039,94.7,15.5817,97.9,0.0,34.4,0.0,7.5,0.0,95.8,95.7,80.6
190_1,1849.3051,60.9,928.134,54.7,3.1984,47.5,91.628,10.7,-8.0776,2.8,1.8,55.9,38.72,94.1,-5.9,76.3,81.2,12.9
190_2,1823.7544,57.3,964.373,76.6,3.316,65.7,94.8067,16.7,-0.678,20.7,0.0,34.4,0.0,7.5,-5.7,81.1,76.4,5.6
190_4,1793.808,50.3,932.0698,57.5,3.161,43.5,95.543,18.1,-2.642,14.3,0.0,34.4,0.0,7.5,0.0,95.8,94.2,71.9
190_5,1817.9695,55.1,962.4423,75.6,3.336,69.4,94.8505,16.9,-1.6742,17.0,0.0,34.4,0.0,7.5,-6.2,68.2,79.3,9.3
190_6,1790.9568,50.1,913.4819,47.3,3.3174,66.3,93.6168,12.9,0.0051,25.1,4.94,81.8,44.2,99.8,-5.2,87.0,81.3,13.3
190_7,1797.4701,50.9,944.0856,64.9,3.2614,55.8,93.3458,12.4,0.4283,27.5,5.47,84.7,42.22,98.8,-5.3,86.5,87.7,31.7
190_8,1752.4701,43.0,924.1378,52.3,3.1053,36.0,94.0533,14.1,-3.3384,11.0,4.7,79.9,43.52,99.7,-5.4,85.7,88.4,35.5
198_1,1828.8563,58.7,974.561,79.5,3.5604,89.2,119.8298,82.8,4.8158,54.6,4.21,77.6,32.81,66.4,-6.7,43.8,91.4,52.8
198_2,1749.1439,42.0,952.1071,70.6,3.657,96.9,118.3467,77.8,7.8372,73.0,1.62,54.6,37.8,91.4,-6.4,59.2,87.0,28.6
198_3,1733.3549,39.8,919.5621,50.9,3.649,95.9,127.0383,91.9,3.9151,47.8,3.86,74.5,31.24,54.7,-8.1,5.2,86.4,26.9
198_4,1827.5717,58.0,901.1988,42.7,3.6367,94.5,127.182,92.1,-0.5138,22.2,8.85,95.5,34.02,74.8,-6.9,32.8,79.0,9.1
198_5,1333.75,0.7,924.806,52.5,3.6528,96.2,126.3116,91.6,3.5175,45.6,0.0,34.4,0.0,7.5,0.0,95.8,82.0,15.6
198_6,1828.7228,58.5,931.335,57.1,3.7498,98.8,125.6076,91.4,-2.7154,14.1,2.31,59.6,32.63,64.6,-5.8,78.7,79.5,9.5
198_7,1948.1177,74.5,921.5657,51.5,3.5664,89.8,120.6667,84.7,-2.3066,15.1,0.0,34.4,0.0,7.5,-3.7,91.0,87.5,30.4
199_1,2087.0928,89.3,988.3448,84.9,3.1874,46.3,94.7431,16.4,2.0412,34.3,3.36,68.9,29.63,43.2,-7.2,21.3,82.3,16.0
199_2,2072.3115,87.6,1006.6808,89.8,3.2934,61.6,94.4993,15.3,0.6014,28.6,2.65,63.0,33.53,71.3,-7.2,21.3,89.9,43.1
199_3,2040.7301,84.5,992.0082,86.2,3.4257,78.0,94.2629,14.3,4.3365,51.1,0.0,34.4,0.0,7.5,0.0,95.8,82.7,17.3
199_4,2002.0615,80.2,978.0125,80.4,3.2176,50.4,95.5784,18.4,-13.2102,0.9,6.47,89.0,27.73,33.3,-7.7,9.0,87.8,32.4
199_5,2096.1035,89.8,967.4457,77.3,3.4067,76.1,94.443,15.0,-2.9665,12.2,0.0,34.4,0.0,7.5,0.0,95.8,84.8,21.5
199_6,2155.7517,92.9,1008.5419,90.7,3.4185,76.8,95.0769,17.2,0.071,25.3,-0.09,26.7,30.89,52.1,-7.7,9.0,93.4,66.0
199_7,2013.8521,82.1,1000.2433,88.3,3.4352,79.0,95.5514,18.2,-3.7317,10.0,0.0,34.4,0.0,7.5,0.0,95.8,83.9,19.4
199_8,1992.0405,79.3,980.6074,81.4,3.2666,56.5,92.9093,11.5,-8.4557,2.2,6.52,89.5,27.65,32.7,-7.5,12.4,96.7,84.7
200_1,1954.6354,75.4,934.6328,58.7,3.0743,32.7,89.0831,6.7,6.9644,68.0,0.0,34.4,0.0,7.5,0.0,95.8,98.5,90.0
200_2,1960.7688,75.9,984.5005,83.1,2.9968,23.2,91.6038,10.5,9.1391,80.6,3.18,66.8,34.62,78.8,-6.9,32.8,92.2,57.8
200_3,1966.629,76.4,978.9661,80.7,3.1677,44.2,91.9289,10.8,12.7127,94.7,0.0,34.4,0.0,7.5,0.0,95.8,93.1,63.8
200_4,1843.1152,60.4,1034.5626,94.0,3.0465,28.4,93.2448,11.9,11.1057,91.0,-0.49,23.2,38.65,93.5,-5.9,76.3,93.0,63.2
200_5,1966.4093,76.1,986.0988,83.5,3.0617,30.6,94.632,16.0,7.2059,69.5,0.0,34.4,0.0,7.5,0.0,95.8,92.2,57.8
200_6,2029.5608,83.8,1010.8626,90.9,3.229,51.6,90.6762,8.8,14.4372,96.9,0.0,34.4,0.0,7.5,0.0,95.8,94.7,73.9
200_7,2063.1794,86.4,990.7284,85.4,3.3208,67.6,89.7661,7.4,9.7352,84.7,0.0,34.4,0.0,7.5,0.0,95.8,95.8,81.0
200_8,1870.3639,64.9,974.0237,79.3,2.7325,6.0,92.9876,11.7,9.3631,83.0,-0.81,21.1,33.43,70.4,-6.3,64.2,92.1,57.1
201_1,1831.7836,59.2,853.714,22.5,3.1843,45.8,104.9097,42.5,5.6511,60.1,8.44,94.7,33.87,74.2,-7.3,17.6,95.5,78.7
201_5,1979.5061,78.0,941.636,63.0,3.2867,60.8,102.1205,33.0,7.1605,69.0,0.0,34.4,0.0,7.5,0.0,95.8,91.3,52.0
201_6,1856.7781,62.3,943.4448,64.2,3.0691,31.5,107.5224,50.6,8.5668,77.3,3.52,71.4,38.75,94.3,-6.8,38.1,93.6,67.0
201_7,1953.8995,75.2,1000.7633,88.6,2.9494,17.7,111.5476,65.7,11.2194,91.6,-2.55,10.2,37.76,91.2,-6.5,55.0,89.4,40.4
201_8,1856.1096,62.1,889.1753,37.2,3.0122,25.0,111.1442,64.0,11.1033,90.9,7.82,93.6,38.43,92.9,-6.0,73.8,94.9,74.5
203_1,1662.7665,27.2,1018.8356,92.6,2.5814,2.1,98.5422,25.0,-4.704,6.7,0.0,34.4,0.0,7.5,0.0,95.8,78.4,7.7
203_2,1688.7562,30.8,1083.4275,98.3,2.5402,1.5,96.7484,21.5,-4.5596,7.6,3.32,68.7,22.35,17.6,-4.7,89.7,82.7,17.3
203_3,2007.3146,81.2,1084.3707,98.5,2.5578,1.9,98.3553,24.6,-0.348,23.6,0.0,34.4,0.0,7.5,0.0,95.8,76.0,5.1
203_4,1612.6973,19.4,1058.8584,95.9,2.652,3.4,98.5634,25.1,-2.4231,14.8,0.0,34.4,0.0,7.5,0.0,95.8,74.0,2.8
204_4,2188.3718,94.7,930.0713,56.3,3.8093,99.3,106.5833,48.7,-2.8997,12.7,0.0,34.4,0.0,7.5,0.0,95.8,91.8,55.2
204_5,2281.2024,97.4,910.2516,46.8,3.6085,92.3,110.3635,60.4,2.5052,38.2,0.91,49.6,38.67,93.6,-6.0,73.8,96.1,82.0
204_6,2086.033,89.2,935.3301,59.0,3.5541,88.6,110.6583,61.3,2.6465,39.1,2.02,56.6,41.15,97.4,-5.7,81.1,100.2,93.5
204_7,2186.05,94.5,923.716,52.0,3.6218,93.5,109.1353,56.1,7.4977,72.1,-0.76,21.6,41.62,97.9,-6.1,71.3,93.3,65.1
204_8,2056.1892,85.9,932.5211,57.7,3.2036,48.5,109.1218,55.9,7.5581,72.5,0.0,34.4,0.0,7.5,0.0,95.8,99.5,92.0
215_1,1365.2805,1.0,813.8157,12.2,2.9673,19.8,115.4404,73.7,-2.748,13.9,0.0,34.4,0.0,7.5,-5.5,84.3,83.4,18.3
215_2,1313.0151,0.5,805.4482,10.5,2.8014,9.1,116.7276,75.2,1.4872,31.8,0.77,47.8,30.65,50.6,-6.9,32.8,78.5,7.9
215_4,1293.911,0.2,758.7107,2.6,2.8764,12.7,116.5761,75.0,-0.9021,20.0,0.0,34.4,0.0,7.5,0.0,95.8,73.8,2.6
215_5,1363.3009,0.9,796.5503,9.3,2.7747,8.3,119.9748,83.6,-0.14,24.6,0.0,34.4,0.0,7.5,0.0,95.8,81.0,12.1
219_1,1609.3304,18.6,928.3644,54.9,2.704,5.2,108.1845,52.8,3.0368,41.5,0.0,34.4,0.0,7.5,0.0,95.8,89.7,42.2
219_2,1638.781,23.4,859.0831,25.6,2.9338,16.4,105.0304,43.2,9.0663,80.2,0.0,34.4,0.0,7.5,0.0,95.8,94.7,73.9
219_3,1771.7495,46.8,898.6724,41.7,2.9854,22.2,105.4834,44.4,6.2534,63.9,0.61,46.0,34.12,75.5,-6.8,38.1,91.6,53.6
219_4,1665.7158,27.4,934.3813,58.5,2.997,23.4,102.5164,34.4,7.1692,69.4,0.0,34.4,0.0,7.5,0.0,95.8,90.6,47.9
219_5,1697.761,32.9,918.7406,50.4,2.7675,7.7,106.299,47.5,3.3604,44.2,3.59,71.8,37.27,90.2,-5.7,81.1,84.7,21.0
219_6,1677.2682,29.3,864.8637,27.5,3.0272,26.7,106.0797,46.5,3.8179,47.0,0.0,34.4,0.0,7.5,0.0,95.8,96.0,81.5
219_7,1651.2404,25.5,944.1888,65.1,3.2061,48.9,102.2127,33.2,4.4816,52.3,3.93,75.2,37.64,90.9,-3.5,91.2,91.0,49.8
219_8,1691.0153,31.2,919.7593,51.1,2.9368,16.5,103.7537,39.2,9.0735,80.4,0.0,34.4,0.0,7.5,0.0,95.8,95.3,76.5
24_1,1637.4738,22.9,941.3226,62.8,3.2858,60.4,107.0629,49.9,7.2922,70.4,-0.15,26.2,29.77,44.4,-6.4,59.2,95.5,78.7
24_2,1702.3969,34.3,816.4987,12.7,3.3763,74.5,113.0303,69.4,8.1575,74.4,-6.73,1.7,26.58,27.2,-6.1,71.3,95.5,78.7
24_3,1698.9133,33.4,848.8565,21.0,3.441,79.3,109.6087,57.8,10.3286,88.1,0.0,34.4,0.0,7.5,0.0,95.8,92.4,59.2
24_4,1609.1129,18.2,822.1306,13.9,3.2163,50.3,110.2965,60.1,-0.4731,22.7,3.42,70.1,27.6,32.4,-6.4,59.2,92.5,59.8
24_5,1666.6575,27.7,929.8365,56.1,3.2733,57.8,110.9884,63.2,1.3802,31.0,2.5,61.1,32.5,63.9,-6.6,50.1,98.8,91.1
244_1,2103.0886,90.9,987.9926,84.5,3.5304,86.6,108.1153,52.5,3.1081,42.2,-7.63,1.0,34.27,76.2,-5.5,84.3,95.3,76.5
244_2,2045.8262,84.9,996.0505,87.3,3.5504,88.1,110.8028,62.0,1.5549,32.2,0.75,47.5,36.4,87.8,-5.1,87.6,88.9,37.2
244_3,2062.2319,86.2,962.2961,75.4,3.4022,75.6,109.0391,55.1,2.7486,39.8,3.41,69.7,32.97,67.3,-5.3,86.5,88.1,33.9
244_4,2184.8992,94.1,1032.0563,93.6,3.4031,75.7,110.55,61.1,0.51,28.1,-0.89,20.3,40.41,97.1,-4.9,88.6,93.8,68.3
244_6,1936.7683,73.7,894.4899,40.3,3.4731,81.9,107.4476,50.4,-0.1151,24.8,3.43,70.4,31.69,58.0,-5.7,81.1,93.6,67.0
244_7,2019.1949,82.6,948.4161,67.5,3.5467,87.8,110.1478,59.6,-0.8126,20.3,0.0,34.4,0.0,7.5,-5.7,81.1,99.7,92.6
244_8,2006.9653,81.1,915.8615,49.4,3.2802,59.7,109.4857,57.1,6.7775,67.1,-0.43,23.6,29.71,43.4,-6.2,68.2,89.1,38.4
25_1,1625.9155,21.7,874.375,30.8,3.6755,97.8,96.6981,21.2,9.203,82.1,-0.01,26.9,35.33,82.4,-6.3,64.2,80.9,11.6
25_2,1728.6124,38.6,851.9583,21.9,3.5408,87.4,105.0773,43.5,2.7661,39.9,0.0,34.4,0.0,7.5,0.0,95.8,81.2,12.9
25_3,1707.6447,34.9,856.2198,23.4,3.7436,98.5,102.0665,32.9,3.9214,48.0,0.09,42.5,35.21,81.1,-5.1,87.6,78.8,8.5
25_4,1721.8013,38.0,882.5307,34.8,3.8474,99.5,99.8112,27.5,6.2922,64.7,0.0,34.4,0.0,7.5,0.0,95.8,82.5,16.4
25_5,1595.171,15.5,704.8157,1.0,4.1486,99.8,99.8214,27.7,4.0726,48.5,6.72,91.5,33.08,68.2,-5.6,82.8,80.0,10.0
254_1,2165.5356,93.5,910.0633,46.5,2.9435,17.2,110.9737,63.0,7.2244,69.9,0.93,49.7,35.7,84.7,-6.3,64.2,94.0,69.9
254_2,2119.7151,91.9,947.7686,67.0,2.9112,14.3,103.7417,38.9,6.08,62.5,5.27,84.0,34.4,77.5,-6.6,50.1,92.1,57.1
254_3,2007.5309,81.4,940.2865,61.8,2.7194,5.5,109.4449,57.0,5.2872,57.7,2.89,64.9,29.74,43.7,-6.9,32.8,90.5,47.1
254_4,2185.3701,94.3,1006.9572,90.0,2.7337,6.2,104.1314,39.8,4.2211,49.4,2.68,63.3,34.0,74.5,-6.4,59.2,83.6,18.6
254_5,2119.0737,91.6,962.9661,76.1,2.7729,8.1,111.3662,65.1,1.4621,31.3,9.23,96.2,35.32,82.3,-6.3,64.2,86.7,27.4
254_6,2210.8584,95.5,980.332,81.1,2.8185,9.5,108.5047,53.7,2.5876,38.6,1.76,55.7,35.31,82.1,-6.3,64.2,94.0,69.9
254_7,2303.1748,97.9,996.6365,87.4,2.7254,5.9,109.204,56.3,5.2643,57.3,-1.01,19.6,32.4,62.9,-7.4,14.6,86.8,27.9
254_8,2003.8359,80.4,882.4798,34.6,2.7672,7.6,111.2665,64.5,5.2752,57.5,-2.49,10.8,32.65,64.9,-6.5,55.0,86.1,25.2
258_1,1613.5406,19.6,877.9135,33.2,3.2654,56.1,114.8436,72.1,-8.3091,2.6,4.83,80.9,27.57,32.0,-6.7,43.8,95.5,78.7
258_2,1680.4985,29.8,803.852,10.3,3.1089,36.5,114.598,71.6,-1.9799,15.8,11.64,99.1,32.5,63.9,-6.3,64.2,87.7,31.7
258_3,1656.8219,26.5,764.2125,3.6,3.1217,37.9,112.7371,68.5,-5.6279,5.3,9.65,97.2,29.38,42.3,-6.3,64.2,80.9,11.6
258_4,1618.9352,20.5,868.8882,28.9,3.3924,75.0,118.7719,79.2,-8.3249,2.4,7.69,93.5,27.67,32.9,-6.7,43.8,97.2,86.1
258_5,1746.3838,41.5,843.2427,19.3,2.2406,0.2,115.1404,72.5,0.0866,25.6,4.76,80.1,27.33,31.3,-6.7,43.8,81.9,15.1
258_6,1695.7983,32.4,895.0267,40.4,3.2777,58.7,114.83,71.9,-4.0109,9.0,4.61,79.0,31.21,54.4,-6.6,50.1,95.2,75.9
258_7,1619.8331,20.7,868.9978,29.1,3.267,56.6,119.2212,80.4,-7.6265,3.3,0.0,34.4,0.0,7.5,-6.9,32.8,94.5,73.1
258_8,1700.0543,33.7,853.7756,22.7,3.3201,67.3,114.1597,71.1,-4.621,7.2,0.0,34.4,0.0,7.5,-8.3,4.1,92.5,59.8
263_1,2022.3418,82.8,812.2352,11.7,3.179,45.3,120.866,85.2,2.7953,40.1,-4.52,4.8,26.86,28.9,-7.4,14.6,90.0,43.9
263_2,2026.749,83.1,798.0913,9.6,3.0973,35.5,119.8521,83.0,9.5233,83.8,-4.2,5.8,27.45,31.5,-6.7,43.8,88.2,34.4
263_3,2053.8284,85.7,813.3452,11.9,2.9245,15.5,123.9245,89.8,2.0909,34.9,-4.75,4.3,24.24,20.7,-6.4,59.2,90.0,43.9
263_4,2073.8618,87.8,858.1619,25.0,3.0019,24.3,120.2561,84.0,2.4093,37.2,6.09,88.3,25.9,24.6,-7.0,28.9,91.0,49.8
263_5,2082.6145,89.0,813.783,12.0,2.9845,21.9,122.63,88.0,0.2499,26.2,-2.09,13.8,32.49,63.6,-6.2,68.2,89.3,39.8
263_6,2168.4424,93.6,787.0276,7.6,3.0558,29.6,122.1572,87.6,9.6983,84.3,0.71,47.2,31.87,59.0,-6.8,38.1,99.3,91.6
263_7,2246.3594,96.4,840.6874,18.1,2.9589,18.8,119.7092,81.9,6.4557,65.6,-3.21,8.0,32.72,65.4,-6.4,59.2,89.3,39.8
263_8,2110.1086,91.0,818.09,13.3,3.0005,24.1,120.7413,85.0,4.3662,51.5,0.83,48.8,24.35,21.0,-8.7,2.4,88.0,33.2
268_1,1614.7701,20.1,892.9048,39.4,2.7211,5.7,86.172,2.8,-0.9704,19.8,-0.17,26.0,28.94,39.8,-7.0,28.9,85.2,22.5
268_2,1494.0486,5.5,848.9486,21.2,2.6459,3.3,88.5027,5.3,-5.9819,5.2,1.23,51.8,26.02,25.1,-7.1,25.6,85.8,24.4
268_3,1610.1302,18.9,874.5119,31.0,2.6229,2.8,90.6197,8.4,3.3985,44.6,3.9,75.0,28.76,39.2,-7.1,25.6,87.7,31.7
268_4,1667.3303,27.9,892.9454,39.6,2.6574,3.6,87.7486,4.8,-0.4827,22.5,2.83,64.3,30.09,46.8,-6.8,38.1,85.3,23.1
268_5,1650.4827,25.3,875.5445,31.5,2.7012,5.0,90.554,8.3,-1.8681,16.7,4.47,78.7,30.21,47.2,-6.7,43.8,88.3,34.9
268_6,1698.7469,33.2,877.1423,32.5,2.6276,2.9,86.4743,3.3,6.3943,65.2,5.1,82.7,31.96,60.0,-6.5,55.0,89.1,38.4
268_7,1679.2767,29.4,865.3249,27.9,2.5314,1.2,84.3519,1.4,1.4685,31.5,8.64,95.0,34.41,77.7,-6.2,68.2,85.0,21.9
268_8,1731.9969,39.6,902.9899,43.5,2.6778,4.3,86.2984,3.1,3.8658,47.3,4.85,81.4,34.12,75.5,-6.6,50.1,88.4,35.5
273_1,1853.1858,61.8,944.0739,64.7,2.6791,4.5,120.9839,85.5,-9.3144,1.4,3.9,75.0,28.67,38.9,-7.4,14.6,81.6,14.3
273_2,1935.7328,73.3,956.0352,71.9,2.7384,6.4,121.6932,86.9,3.555,46.0,15.14,100.0,29.24,42.0,-9.2,0.9,84.7,21.0
273_3,1984.5396,78.7,972.2302,78.7,2.9584,18.4,118.6344,78.8,13.786,96.0,2.63,62.7,31.98,60.8,-7.7,9.0,85.5,23.7
273_4,1978.8317,77.8,859.6936,25.8,2.5502,1.7,118.1974,77.5,6.0314,62.0,-1.97,14.8,24.71,22.0,-8.1,5.2,84.1,19.8
273_5,1805.9456,52.3,937.8951,60.2,2.658,3.8,119.658,81.8,3.1756,42.7,11.61,99.0,29.99,45.9,-7.4,14.6,81.2,12.9
273_6,1638.4142,23.1,896.8058,41.1,2.6711,4.1,118.0599,76.9,-2.8844,13.1,-2.21,12.6,24.51,21.5,-7.9,6.5,88.6,36.1
279_1,1899.6932,69.2,769.5499,5.0,3.315,65.6,137.4388,98.5,2.7153,39.6,0.0,34.4,0.0,7.5,0.0,95.8,84.2,20.0
279_2,1830.6121,59.0,763.5942,3.4,3.3395,70.2,136.6044,98.1,6.2125,63.3,0.0,34.4,0.0,7.5,0.0,95.8,63.9,1.2
279_3,1812.595,53.9,766.0026,4.3,3.032,27.0,138.5428,98.8,6.1107,63.2,0.0,34.4,0.0,7.5,0.0,95.8,77.9,7.3
279_4,1779.1888,47.3,764.9244,3.8,3.252,54.9,137.9235,98.6,0.0827,25.5,6.17,88.6,34.03,75.0,-6.5,55.0,84.4,20.4
279_5,1858.1727,62.5,778.1137,6.5,3.2662,56.3,135.356,97.4,2.8201,40.3,0.0,34.4,0.0,7.5,0.0,95.8,78.8,8.5
279_6,1879.0892,66.3,765.4963,4.1,3.2245,51.3,135.1487,97.2,8.9958,79.9,0.0,34.4,0.0,7.5,0.0,95.8,63.8,0.9
279_7,1823.3368,57.1,752.2375,2.1,2.8449,11.4,136.6608,98.3,9.6108,84.2,6.49,89.3,33.56,71.6,-7.1,25.6,95.2,75.9
279_8,1995.8644,79.7,763.4661,3.3,3.0572,30.1,136.2622,97.8,11.9381,92.9,-0.25,25.0,42.27,99.0,-5.7,81.1,77.9,7.3
282_1,2100.7622,90.4,890.0983,38.0,3.6141,92.8,117.0714,75.7,8.6487,78.1,10.44,97.9,30.21,47.2,-7.2,21.3,101.2,96.2
282_2,1998.9326,79.9,926.2103,53.7,3.6421,95.0,115.2068,72.6,0.1049,26.0,13.85,99.8,25.15,23.1,-6.5,55.0,101.4,96.6
282_3,2119.7117,91.7,906.0092,45.1,3.5822,91.0,112.3737,67.8,10.3363,88.3,7.36,92.6,34.32,76.6,-6.3,64.2,102.1,97.8
282_4,2296.1018,97.6,943.1919,64.0,3.6469,95.5,121.1526,86.1,7.4913,71.9,3.38,69.3,28.0,34.8,-7.0,28.9,103.7,98.4
282_5,2195.7261,94.8,915.5289,49.2,3.5675,90.0,119.4065,81.2,6.0952,62.7,6.59,90.4,30.28,48.0,-6.9,32.8,107.0,100.0
282_6,2197.6919,95.0,938.4248,60.6,3.5733,90.7,121.659,86.7,10.1162,87.3,2.97,65.4,31.61,57.1,-6.4,59.2,101.1,95.7
282_7,2234.1472,96.0,931.2334,57.0,3.4987,83.6,121.848,87.1,9.0055,80.0,9.08,95.9,30.88,51.8,-6.3,64.2,104.0,99.0
282_8,2266.1116,97.2,991.597,85.9,3.6281,93.6,117.3737,76.1,8.9472,79.7,1.41,52.7,36.38,87.5,-6.4,59.2,103.7,98.4
283_1,1649.8049,25.1,907.5797,46.0,3.2783,59.0,111.3038,64.7,5.5363,59.7,2.84,64.5,31.72,58.3,-6.6,50.1,87.1,28.8
283_2,1613.9965,19.8,945.5046,65.9,2.9023,13.6,108.6297,54.0,0.7737,29.3,3.45,70.6,29.99,45.9,-6.4,59.2,85.7,24.0
283_3,1606.2578,17.6,952.3839,70.9,2.9689,20.3,110.391,60.6,1.1169,29.9,4.9,81.6,26.6,27.4,-8.3,4.1,92.5,59.8
283_4,1547.6445,9.1,928.1024,54.4,3.6373,94.7,112.0651,66.8,0.7494,28.9,2.47,60.6,26.18,25.8,-6.8,38.1,86.4,26.9
283_5,1711.4194,35.6,961.7348,75.2,3.3146,65.2,114.333,71.3,3.2047,43.0,2.73,63.6,31.18,54.2,-6.6,50.1,88.9,37.2
283_6,1720.6938,37.5,962.9932,76.2,2.7679,7.9,111.59,65.9,4.7717,54.4,-3.64,6.5,25.77,24.4,-7.7,9.0,87.1,28.8
283_7,1531.1851,7.6,933.9631,58.0,2.905,13.8,110.6786,61.4,-4.5298,7.7,9.51,96.7,28.13,36.0,-6.7,43.8,87.9,32.7
287_1,1671.6719,28.4,942.5015,63.7,3.3185,66.8,105.2143,43.9,2.0458,34.4,5.54,85.3,27.77,33.7,-6.7,43.8,73.1,2.1
287_2,1858.8325,62.8,1062.8735,96.2,3.1242,38.4,104.2679,40.6,2.6023,38.7,3.79,73.9,24.81,22.5,-6.9,32.8,98.2,89.4
287_3,1805.2427,52.2,1001.9125,89.2,3.1574,43.0,103.0675,36.8,4.208,49.2,8.41,94.5,28.78,39.4,-6.9,32.8,89.1,38.4
287_4,1760.9778,44.4,966.8732,77.1,3.1517,42.0,104.4168,41.1,-3.3107,11.2,7.4,92.8,23.68,20.0,-7.4,14.6,86.2,25.7
287_5,1802.6562,51.8,975.6735,79.7,3.2703,57.5,106.3049,47.7,1.4486,31.2,2.17,57.9,26.78,28.1,-6.7,43.8,87.7,31.7
287_6,1747.4623,41.8,958.2476,73.5,3.2974,62.5,106.5585,48.5,-2.8242,13.6,5.81,86.9,26.75,27.7,-6.9,32.8,74.8,3.8
287_7,1735.8136,40.3,982.7665,82.4,3.2426,53.5,107.7372,51.1,-4.7168,6.4,2.3,59.4,27.2,30.4,-6.8,38.1,76.5,5.9
287_8,1925.9335,72.1,957.775,72.6,3.056,29.9,102.2381,33.6,-5.0499,6.2,5.84,87.1,22.89,18.6,-7.0,28.9,86.1,25.2
291_1,1751.5663,42.7,951.9839,70.4,3.2624,55.9,99.1565,26.5,4.0886,48.9,8.76,95.2,35.79,85.4,-5.7,81.1,98.8,91.1
291_2,1680.3582,29.6,872.7745,29.9,3.2146,49.7,100.9275,30.3,0.7818,29.4,0.0,34.4,0.0,7.5,-6.2,68.2,96.4,82.9
291_3,1786.6825,49.1,983.3312,82.6,3.338,69.9,101.1406,31.0,7.5579,72.3,5.1,82.7,39.71,96.2,-5.5,84.3,101.7,97.4
291_4,1803.2428,52.0,981.6516,81.9,3.2062,49.1,100.6251,29.3,12.4656,94.0,5.77,86.7,42.38,99.1,-5.4,85.7,103.2,98.1
291_5,1799.2605,51.1,958.6007,74.0,3.4202,76.9,98.2657,24.3,4.2903,50.3,0.0,34.4,0.0,7.5,-5.4,85.7,99.5,92.0
291_6,1725.7274,38.4,951.6511,69.9,3.0825,33.9,99.5413,27.2,2.0012,33.7,12.46,99.7,34.49,78.3,-5.9,76.3,101.0,95.3
291_7,1870.4026,65.1,994.2239,87.1,3.6492,96.0,102.414,34.1,5.1067,56.6,5.64,86.2,35.04,80.4,-6.3,64.2,104.2,99.2
291_8,1880.9532,66.6,966.2661,76.9,3.1276,38.6,99.8533,27.9,4.5909,53.2,11.83,99.3,34.44,78.1,-6.7,43.8,101.5,97.0
297_1,1786.223,48.5,856.4459,23.6,3.0894,34.4,95.2498,17.7,-1.1731,18.9,0.0,34.4,0.0,7.5,-7.1,25.6,93.4,66.0
297_2,1840.2798,60.2,895.1691,40.8,2.9996,23.9,112.1128,67.0,2.3728,37.0,2.37,60.1,28.58,38.6,-6.0,73.8,92.1,57.1
297_3,1980.6204,78.1,923.9078,52.2,2.9164,14.8,108.4105,53.4,3.0091,41.3,1.08,50.7,24.72,22.2,-6.8,38.1,94.0,69.9
297_5,1865.2162,63.9,854.8461,23.1,2.9965,23.1,101.2847,31.3,2.6584,39.2,1.31,52.2,23.81,20.1,-7.2,21.3,94.2,71.9
297_6,1674.9594,28.9,877.4612,33.0,3.0258,26.3,98.1741,24.1,0.5274,28.2,3.29,68.2,21.52,17.2,-7.4,14.6,97.9,88.6
297_7,1855.1812,62.0,903.2545,43.7,2.9466,17.6,100.9178,30.1,6.3706,65.1,5.4,84.3,27.5,31.7,-6.8,38.1,94.1,71.0
297_8,1818.3003,55.4,841.7798,18.6,3.1188,37.5,100.3516,28.9,4.5358,52.8,4.2,77.5,20.84,16.7,-6.2,68.2,92.6,60.7
300_2,1998.9364,80.0,868.1041,28.6,3.2108,49.4,115.2284,72.8,3.5468,45.8,3.41,69.7,29.34,42.2,-6.0,73.8,91.4,52.8
300_3,2076.2244,88.1,905.1069,44.8,2.9838,21.7,110.8421,62.3,2.9418,41.0,2.68,63.3,35.92,86.2,-5.7,81.1,93.8,68.3
300_4,1821.9771,56.8,895.0544,40.6,3.2084,49.2,108.4151,53.5,0.7516,29.1,1.38,52.5,36.19,87.3,-5.6,82.8,90.6,47.9
300_5,1898.2205,69.0,827.8434,15.3,2.9885,22.4,110.1001,59.4,-1.2059,18.8,5.24,83.3,32.59,64.4,-5.9,76.3,95.7,80.6
300_6,1892.1752,67.8,883.3913,35.1,2.9464,17.4,113.0881,69.7,2.1169,35.3,10.32,97.8,32.39,62.7,-6.0,73.8,91.1,50.4
300_7,2006.8499,80.9,894.0533,40.1,3.1224,38.0,111.4707,65.6,8.6285,77.8,3.42,70.1,37.95,91.7,-5.5,84.3,88.9,37.2
313_1,1398.8235,1.9,774.0008,5.5,3.16,43.4,105.8727,45.8,9.8907,86.2,1.09,50.9,32.46,63.3,-7.2,21.3,90.2,44.8
313_2,1683.6439,30.1,775.1917,5.9,3.1079,36.3,104.2406,40.4,14.2916,96.6,0.0,34.4,0.0,7.5,0.0,95.8,88.3,34.9
313_3,1607.9374,18.1,790.2568,8.1,3.1154,37.3,104.1663,40.3,17.0965,99.3,0.0,34.4,0.0,7.5,0.0,95.8,82.7,17.3
313_4,1451.5887,3.1,780.0862,6.9,3.1564,42.3,105.4927,44.6,9.7818,85.2,2.46,60.4,35.63,84.3,-6.6,50.1,88.9,37.2
313_5,1436.3655,2.9,793.4368,8.6,3.1476,41.5,103.7523,39.1,16.649,99.0,5.52,84.9,38.71,94.0,-6.0,73.8,88.0,33.2
313_6,1666.2812,27.5,767.3438,4.5,3.0424,28.2,106.0034,46.3,10.3877,89.0,2.2,58.6,36.01,87.1,-5.9,76.3,89.1,38.4
313_7,1621.7391,21.0,769.1028,4.8,3.0742,32.5,104.9664,43.0,13.1788,95.9,0.0,34.4,0.0,7.5,0.0,95.8,81.5,13.9
313_8,1575.584,11.9,796.9699,9.5,3.2677,56.8,105.3833,44.2,12.2147,93.8,3.27,67.8,34.05,75.2,-7.2,21.3,86.2,25.7
320_6,2066.0715,86.7,992.923,86.6,3.2332,52.2,122.9883,88.3,1.735,32.5,-1.55,16.7,34.38,77.3,-6.2,68.2,85.4,23.4
320_7,2124.3645,92.3,951.8903,70.2,3.072,32.0,123.3227,89.2,4.9215,55.2,0.57,45.5,31.97,60.4,-6.4,59.2,87.5,30.4
320_8,1986.8575,79.2,890.2169,38.4,2.9974,23.8,128.425,92.9,0.3282,26.9,0.0,34.4,0.0,7.5,-6.0,73.8,85.2,22.5
321_1,1490.2634,5.0,841.1266,18.2,3.5893,91.4,105.6647,45.3,14.4501,97.2,-0.42,23.8,29.17,41.7,-7.0,28.9,85.9,24.7
321_2,1561.7745,10.5,806.0905,10.7,3.6566,96.7,100.1804,28.6,5.4293,59.0,-0.83,20.8,23.63,19.8,-7.3,17.6,87.6,31.0
321_3,1577.4988,12.6,775.9532,6.4,3.5569,88.8,99.4006,26.7,7.108,68.8,5.9,87.3,26.11,25.5,-6.9,32.8,83.8,19.1
321_4,1592.882,15.0,856.508,23.8,3.4216,77.1,100.3934,29.1,-1.623,17.2,1.05,50.1,23.31,19.1,-8.0,5.9,83.0,17.7
321_5,1579.4281,12.7,779.3439,6.7,3.6336,94.0,100.0159,28.2,1.7094,32.4,6.57,90.2,24.11,20.3,-7.3,17.6,86.8,27.9
321_6,1699.1766,33.6,870.8007,29.4,3.3373,69.7,99.9696,28.1,4.832,54.9,-2.14,13.0,24.12,20.5,-7.8,7.5,89.6,41.4
321_7,1598.6975,16.5,850.3572,21.3,3.8739,99.7,99.0222,26.2,9.7269,84.5,0.0,34.4,0.0,7.5,-10.3,0.3,85.5,23.7
321_8,1958.4856,75.7,888.2063,36.8,3.617,93.1,97.9541,23.9,6.637,66.7,-2.46,11.0,28.21,36.3,-3.0,91.4,85.3,23.1
324_1,1572.3668,11.4,864.2451,27.4,3.0799,33.6,109.801,58.7,-7.8319,3.1,7.53,93.1,28.09,35.4,-6.9,32.8,94.1,71.0
324_2,1587.7467,14.3,831.7123,16.4,2.989,22.5,116.7309,75.4,-4.0563,8.8,1.56,53.9,33.68,72.5,-6.3,64.2,91.4,52.8
324_3,1542.4185,8.3,847.8152,20.8,3.1571,42.9,110.746,61.8,0.3016,26.5,9.0,95.7,26.99,29.5,-6.6,50.1,90.4,46.1
324_4,1552.3533,9.6,891.0739,38.7,2.8277,10.2,113.0744,69.5,-0.2247,24.1,2.82,64.0,35.42,82.8,-5.9,76.3,93.2,64.4
324_5,1595.9534,15.7,881.2645,34.3,2.8931,13.1,114.4195,71.4,-8.5695,1.9,0.0,34.4,0.0,7.5,-6.3,64.2,92.1,57.1
324_6,1600.0538,16.9,846.695,20.1,2.9835,21.5,113.1994,70.1,-5.6251,5.5,1.53,53.7,32.58,64.2,-6.3,64.2,97.7,87.6
324_8,1577.02,12.2,837.9683,17.6,2.9921,22.7,108.5585,53.9,-3.0688,12.0,1.44,52.9,28.36,37.5,-7.1,25.6,91.1,50.4
33_1,1383.2546,1.5,945.4045,65.7,3.5933,91.9,96.2474,20.3,5.4987,59.5,-2.04,14.2,35.14,80.7,-7.8,7.5,96.1,82.0
33_3,1645.4259,24.3,942.3772,63.5,3.4516,81.1,95.6361,18.8,5.6268,59.9,-3.31,7.2,39.01,95.2,-7.2,21.3,90.5,47.1
33_4,1523.011,7.1,977.8884,80.2,3.2936,61.8,96.2298,20.1,3.3376,43.9,-1.5,17.0,34.5,78.5,-7.6,10.7,89.1,38.4
33_5,1454.868,3.4,980.5562,81.2,3.4652,81.4,93.9703,13.4,-4.0872,8.6,-6.35,2.2,31.37,55.4,-7.7,9.0,93.0,63.2
342_1,2521.8413,98.8,900.8575,42.5,3.1868,46.1,111.8318,66.4,-3.2322,11.4,0.81,48.1,21.46,17.0,-7.5,12.4,95.9,81.2
342_2,2538.5728,99.1,940.1498,61.3,3.2185,50.6,115.5168,74.2,-1.9403,16.2,-2.0,14.6,29.98,45.4,-6.7,43.8,96.3,82.6
342_3,2572.1165,99.5,991.4841,85.7,3.4423,79.7,114.1411,70.9,4.7664,54.2,1.52,53.5,35.6,84.2,-5.8,78.7,96.6,84.3
342_5,2316.6294,98.1,865.3221,27.7,3.3336,69.2,115.3511,73.3,3.1113,42.3,-8.87,0.2,30.97,53.0,-6.2,68.2,87.7,31.7
342_6,2608.2458,99.7,971.5903,78.1,3.3048,63.9,112.9215,69.0,5.3215,58.0,-0.22,25.4,31.93,59.7,-6.3,64.2,96.2,82.4
342_7,2616.6523,99.8,990.3568,85.2,3.0411,27.7,117.9105,76.8,-3.7525,9.6,-0.11,26.3,32.26,62.3,-5.8,78.7,90.5,47.1
342_8,2513.271,98.6,928.9277,55.6,3.341,70.4,113.7054,70.6,-0.5943,21.5,0.32,43.8,27.96,34.4,-6.7,43.8,100.6,94.3
343_1,1755.811,43.9,855.6481,23.2,3.1368,39.9,94.0421,13.9,-0.3876,23.2,5.26,83.8,27.94,34.3,-7.5,12.4,90.0,43.9
343_2,1771.3864,46.6,888.0407,36.7,2.6154,2.6,92.7574,11.4,2.0509,34.6,4.37,78.5,26.7,27.5,-7.6,10.7,92.8,62.0
343_3,1628.5459,21.9,891.9889,39.2,3.0588,30.3,94.4099,14.6,-6.6503,4.3,5.23,83.1,29.76,44.1,-7.0,28.9,86.1,25.2
343_4,1729.2935,38.7,918.8634,50.6,2.8377,11.0,90.4323,8.1,2.1249,35.5,-2.57,10.0,26.79,28.2,-7.3,17.6,82.5,16.4
343_5,1715.4972,36.5,880.3868,33.7,3.4717,81.8,92.376,11.2,3.3647,44.4,8.16,94.3,32.68,65.1,-6.7,43.8,82.5,16.4
343_6,1706.0072,34.4,898.7122,41.8,3.7116,98.1,90.8169,9.5,-0.1485,24.4,7.13,92.1,27.22,30.7,-7.3,17.6,92.7,61.4
343_7,1576.8885,12.0,906.6468,45.4,2.8344,10.7,90.7485,9.1,2.1427,35.6,4.84,81.2,28.99,39.9,-7.0,28.9,88.7,36.5
343_8,1780.9933,47.5,917.3127,49.9,2.7802,8.8,93.9804,13.6,0.0894,25.8,5.25,83.6,28.28,36.9,-7.1,25.6,90.8,49.1
349_1,2157.3262,93.1,803.393,10.2,3.1427,40.6,139.822,99.0,9.7915,85.4,1.44,52.9,30.51,50.1,-6.7,43.8,94.7,73.9
349_3,2324.6511,98.3,834.6142,16.9,3.1475,41.3,140.8768,99.1,9.1437,80.9,2.58,61.8,30.28,48.0,-6.9,32.8,94.0,69.9
349_4,2531.0554,99.0,863.1245,27.2,2.9616,19.3,147.9767,100.0,11.0577,90.7,-5.07,4.0,33.77,73.1,-6.3,64.2,90.0,43.9
349_5,2145.0798,92.6,793.7162,9.0,3.3056,64.0,144.0147,99.7,10.3721,88.8,2.75,63.9,33.83,73.8,-6.7,43.8,93.4,66.0
349_6,2234.5815,96.2,765.0636,4.0,3.2858,60.6,143.8873,99.5,0.5917,28.4,-2.12,13.5,23.57,19.6,-7.3,17.6,92.1,57.1
349_7,2225.9731,95.7,905.8559,44.9,3.3081,64.4,144.6562,99.8,10.6439,89.7,-2.23,12.4,30.29,48.4,-6.6,50.1,93.3,65.1
349_8,2540.4438,99.3,816.8494,12.9,2.9544,18.1,143.2664,99.3,8.8776,79.2,-3.68,6.0,33.51,70.8,-6.3,64.2,87.5,30.4
350_1,1715.3185,36.1,1007.1037,90.2,3.1055,36.1,101.9859,32.4,5.1059,56.5,3.78,73.6,34.2,76.1,-6.3,64.2,87.2,29.3
350_2,1819.9504,55.9,1000.9017,88.8,2.8249,10.0,104.8857,42.2,5.3362,58.2,4.35,78.3,35.94,86.6,-5.9,76.3,84.0,19.6
350_4,1838.3442,60.1,972.8851,78.8,2.7797,8.6,104.8174,41.8,1.0248,29.8,7.3,92.4,31.14,54.0,-6.3,64.2,83.4,18.3
350_5,1956.1532,75.6,998.2349,88.0,2.5894,2.4,107.0782,50.1,6.2879,64.5,2.01,56.5,38.78,94.8,-5.9,76.3,82.6,16.8
350_6,1753.1222,43.2,960.7632,74.7,2.8306,10.3,105.712,45.4,1.9836,33.6,4.56,78.8,34.42,78.0,-6.0,73.8,80.5,11.0
350_7,1852.3759,61.6,986.3505,83.8,2.7921,9.0,106.4942,48.2,2.0062,33.9,5.99,87.8,32.99,67.7,-6.4,59.2,92.6,60.7
350_8,1922.5328,71.9,1004.7502,89.3,2.3908,0.7,106.1577,47.3,2.1065,35.1,2.83,64.3,29.83,44.8,-7.1,25.6,88.1,33.9
353_1,1744.4299,41.1,958.0208,73.0,2.9155,14.6,110.9687,62.8,14.4439,97.1,8.13,94.1,33.53,71.3,-6.4,59.2,91.9,56.0
353_2,1741.958,41.0,846.8113,20.5,2.5363,1.4,108.7884,54.4,-0.8724,20.1,3.8,74.2,26.76,27.9,-7.1,25.6,87.5,30.4
353_3,1870.6927,65.2,957.5791,72.3,2.7547,6.9,116.2921,74.9,9.4876,83.6,5.03,82.1,33.36,69.7,-6.2,68.2,85.8,24.4
353_4,1647.7777,24.4,909.169,46.3,2.6821,4.8,109.69,58.2,2.1979,36.0,6.48,89.2,26.11,25.5,-7.6,10.7,89.7,42.2
353_5,1706.9518,34.8,889.1937,37.3,2.4446,0.9,115.4278,73.5,5.387,58.9,4.09,76.4,31.44,55.9,-6.5,55.0,92.8,62.0
353_6,1660.5082,26.7,930.4847,56.5,2.4472,1.0,118.2209,77.6,6.786,67.3,3.28,68.0,30.46,49.1,-6.5,55.0,87.5,30.4
353_7,1614.4536,20.0,950.7081,69.0,2.8229,9.8,104.2713,40.8,10.0938,87.1,7.96,93.9,32.09,61.8,-6.4,59.2,89.7,42.2
353_8,1571.4153,11.2,988.2984,84.7,2.7583,7.2,118.9899,79.7,11.4727,91.9,7.46,92.9,34.84,79.9,-6.1,71.3,87.2,29.3
358_1,2101.7622,90.5,947.5407,66.8,3.3179,66.4,72.1515,1.0,0.3106,26.7,2.48,60.8,25.68,24.1,-7.4,14.6,99.8,92.9
358_3,2173.9099,94.0,987.0494,84.2,3.3574,72.6,71.2864,0.7,1.8681,33.0,6.15,88.5,24.41,21.2,-7.6,10.7,95.5,78.7
358_5,2069.1597,87.3,997.2286,87.8,3.4267,78.1,72.3914,1.2,8.2083,74.9,2.51,61.3,38.76,94.6,-6.1,71.3,95.4,77.2
358_6,2201.8342,95.2,993.4079,86.7,3.4041,75.9,69.6068,0.3,7.3343,70.6,3.26,67.6,35.83,85.7,-6.6,50.1,101.0,95.3
358_7,2250.4241,96.6,1000.0746,88.1,3.4934,83.3,71.5823,0.9,4.4272,52.0,5.54,85.3,28.49,38.0,-7.2,21.3,100.6,94.3
358_8,2233.3809,95.9,1044.5427,94.8,3.6698,97.4,70.323,0.5,8.5619,77.1,1.34,52.3,31.06,53.5,-6.6,50.1,101.4,96.6
36_1,1788.6877,49.6,962.4623,75.7,3.4416,79.5,105.8587,45.6,7.8455,73.1,-1.34,18.3,36.8,89.2,-7.4,14.6,95.4,77.2
36_2,1706.5358,34.6,901.5486,43.0,3.4132,76.2,112.1714,67.1,7.225,70.1,-4.94,4.1,35.46,83.0,-7.8,7.5,96.0,81.5
36_3,1786.2355,48.7,956.6447,72.1,3.5487,88.0,101.1961,31.2,3.8746,47.5,0.73,47.3,33.09,68.3,-8.5,3.4,97.9,88.6
36_4,1769.8467,46.1,942.173,63.3,3.5386,87.1,109.8931,59.0,3.1513,42.5,-5.53,3.1,38.5,93.3,-7.6,10.7,93.8,68.3
36_5,1788.3376,49.2,881.0262,34.1,3.3603,73.0,97.0937,22.2,3.0784,42.0,-3.65,6.4,26.98,29.3,-9.0,1.4,93.9,68.9
360_1,1492.696,5.2,910.9814,47.0,3.2767,58.3,133.4492,96.6,7.1623,69.2,5.58,85.9,34.35,76.8,-7.2,21.3,94.4,72.6
360_2,1622.8093,21.3,940.2299,61.4,3.3169,66.1,134.1269,96.9,11.1797,91.4,2.17,57.9,34.36,76.9,-7.1,25.6,95.6,80.1
360_3,1472.2909,4.3,1011.2106,91.0,3.3035,63.5,136.4319,97.9,0.4752,27.9,2.18,58.2,34.3,76.4,-6.9,32.8,94.5,73.1
360_4,1568.0486,10.8,1000.395,88.5,3.2,47.7,134.5383,97.1,5.9878,61.6,1.47,53.2,35.29,81.8,-6.8,38.1,91.8,55.2
360_5,1592.8448,14.8,1022.3199,93.1,3.1789,45.1,132.0213,95.7,7.3466,70.7,3.14,66.3,39.84,96.6,-6.1,71.3,94.1,71.0
360_6,1493.3181,5.3,939.5619,61.1,3.0492,28.7,134.0766,96.7,4.2226,49.6,3.71,72.5,30.36,48.9,-6.8,38.1,92.8,62.0
360_7,1573.1145,11.7,873.1642,30.5,3.234,52.3,130.8706,94.5,3.0429,41.7,4.76,80.1,31.45,56.1,-7.4,14.6,98.4,89.8
360_8,1543.7534,8.6,913.8513,47.7,3.1652,43.7,135.9151,97.6,1.2257,30.3,5.68,86.4,36.7,88.6,-6.3,64.2,95.0,75.1
363_1,1862.5625,63.5,906.5057,45.3,3.0236,25.8,106.0899,46.8,8.8571,79.0,-0.66,22.2,34.7,79.3,-6.6,50.1,100.6,94.3
363_2,1870.8431,65.4,950.0981,68.7,2.9585,18.6,106.1292,47.2,-7.2947,3.4,0.48,44.8,27.59,32.2,-6.9,32.8,93.7,67.6
363_3,1784.978,48.4,946.5059,66.1,3.0785,33.2,105.0624,43.4,-8.5656,2.1,-0.21,25.6,25.48,23.8,-7.1,25.6,100.9,95.0
363_4,1871.5879,65.6,968.2101,77.5,2.975,20.5,105.6351,45.1,8.7419,78.5,-3.01,8.7,31.02,53.3,-6.8,38.1,100.2,93.5
363_5,1808.2426,53.4,978.3192,80.6,3.0466,28.6,102.9203,36.0,-2.9054,12.6,-3.21,8.0,27.71,33.0,-6.9,32.8,95.3,76.5
363_6,1859.1223,63.0,981.1735,81.8,3.0801,33.7,102.94,36.1,6.2548,64.0,-1.93,15.1,33.36,69.7,-6.8,38.1,100.1,93.3
363_7,2071.1162,87.4,1011.2755,91.2,3.0226,25.6,103.1223,37.2,15.0372,97.8,-0.36,23.9,30.17,47.0,-6.9,32.8,97.7,87.6
363_8,1807.2856,52.7,1008.3991,90.5,3.0959,35.3,104.9039,42.3,-2.7756,13.8,-2.82,9.3,31.62,57.3,-6.7,43.8,95.5,78.7
376_1,1631.4521,22.0,965.4917,76.8,3.2827,59.9,110.2144,59.9,1.3318,30.6,3.24,67.4,28.93,39.6,-6.6,50.1,97.8,88.1
376_2,1622.5188,21.2,951.1735,69.2,3.3235,67.8,108.3283,53.0,-0.1543,24.3,-6.69,1.9,30.46,49.1,-6.9,32.8,94.9,74.5
376_3,1545.955,8.8,914.6252,48.7,3.3484,71.3,109.8563,58.9,5.8223,61.1,-0.76,21.6,31.76,58.6,-6.3,64.2,88.3,34.9
376_4,1668.5819,28.1,871.6072,29.6,3.3624,73.5,108.8111,54.6,2.4883,37.9,7.96,93.9,31.02,53.3,-6.6,50.1,92.3,58.5
376_6,1735.3517,40.1,931.8359,57.3,3.2579,55.2,107.2595,50.3,4.8293,54.7,0.0,34.4,0.0,7.5,-5.9,76.3,83.8,19.1
376_7,1560.5808,10.3,940.751,62.3,3.1561,42.2,109.0478,55.2,1.2197,30.1,1.59,54.2,26.43,26.7,-7.1,25.6,90.2,44.8
376_8,1713.7408,35.8,973.0696,79.0,3.3093,64.9,109.9096,59.2,1.7663,32.7,-0.64,22.4,29.11,40.6,-6.8,38.1,95.6,80.1
378_1,1754.3064,43.4,1050.4407,95.5,3.3164,65.9,103.4998,37.9,10.2801,88.0,2.14,57.6,35.5,83.1,-4.4,90.6,89.6,41.4
378_2,1569.8993,11.0,948.3574,67.3,3.4148,76.6,105.6022,44.8,10.0583,86.9,-0.87,20.5,29.78,44.6,-4.9,88.6,88.4,35.5
378_3,1604.3596,17.4,982.1014,82.1,3.2383,52.8,103.0353,36.5,12.0572,93.1,0.62,46.1,30.62,50.4,-4.8,89.3,92.1,57.1
378_4,1518.2629,6.5,940.4513,62.0,3.3491,71.4,103.2317,37.5,-2.3647,15.0,2.44,60.2,25.2,23.2,-5.5,84.3,88.6,36.1
378_5,1580.5094,12.9,929.0023,55.8,3.3386,70.1,103.1531,37.3,5.3722,58.7,2.57,61.5,30.82,51.6,-4.6,90.0,81.0,12.1
378_6,1598.4342,16.4,980.7231,81.6,3.5173,86.1,103.6508,38.4,-1.3759,18.1,2.32,59.7,31.82,58.9,-4.4,90.6,86.3,26.2
378_7,1652.9742,25.6,928.7797,55.2,3.3451,70.7,101.0721,30.6,0.4266,27.4,0.57,45.5,33.53,71.3,-4.6,90.0,84.8,21.5
378_8,1633.8214,22.4,947.1722,66.6,3.3572,72.5,104.6425,41.3,-1.8076,16.9,5.56,85.5,35.64,84.5,-4.0,90.9,81.0,12.1
383_1,1894.4087,68.3,944.8478,65.4,3.1448,40.8,86.6854,3.8,6.4701,66.1,3.88,74.7,38.76,94.6,-5.4,85.7,100.6,94.3
383_2,1877.3384,65.9,911.899,47.2,2.7557,7.1,85.2161,2.1,-1.069,19.4,-2.26,12.2,33.36,69.7,-6.4,59.2,94.7,73.9
383_3,1912.7616,70.7,960.9555,74.9,3.2501,54.6,87.2654,4.3,2.4557,37.3,2.94,65.2,33.81,73.7,-6.2,68.2,96.5,83.6
383_4,1952.2855,74.9,984.8548,83.3,3.2499,54.4,88.6301,5.7,8.0758,74.0,11.29,98.5,30.81,51.5,-6.6,50.1,101.1,95.7
383_5,1878.0613,66.1,922.2931,51.8,3.0731,32.4,85.081,1.9,9.8079,85.7,3.24,67.4,30.49,49.6,-6.9,32.8,93.4,66.0
383_6,1932.6764,72.8,949.5521,68.0,2.9419,17.0,86.4772,3.4,5.3376,58.3,2.57,61.5,30.32,48.5,-6.8,38.1,94.9,74.5
383_7,1926.9845,72.3,971.0646,78.0,3.2273,51.5,87.5078,4.6,3.722,46.6,3.76,72.8,31.63,57.5,-6.5,55.0,103.8,98.6
383_8,2031.6204,84.0,969.0906,77.6,3.2539,55.1,88.6397,5.9,8.616,77.6,9.6,97.1,30.76,51.3,-6.7,43.8,101.6,97.2
391_1,1869.1588,64.5,1012.7174,91.7,3.5117,84.7,109.5284,57.5,-22.8545,0.3,0.0,34.4,0.0,7.5,-6.3,64.2,92.3,58.5
391_2,1810.0844,53.5,984.4808,83.0,3.6383,94.8,107.8556,51.5,-4.1096,8.3,-0.18,25.8,32.73,65.6,-6.4,59.2,92.7,61.4
391_3,1818.0802,55.2,949.9955,68.5,3.5813,90.9,108.4015,53.2,-8.5888,1.7,0.68,47.0,31.43,55.6,-6.8,38.1,91.9,56.0
391_4,1888.5936,67.5,996.7505,87.6,3.6154,92.9,108.8801,54.7,-3.9004,9.5,4.64,79.3,30.28,48.0,-6.9,32.8,89.1,38.4
391_5,1813.5145,54.4,973.6906,79.2,3.6348,94.1,110.4875,60.8,-2.2073,15.3,1.58,54.0,32.63,64.6,-6.4,59.2,90.2,44.8
391_7,2092.1646,89.7,1049.9163,95.4,3.4715,81.6,111.1277,63.9,-0.5296,22.0,-0.59,22.7,32.04,61.4,-6.5,55.0,97.7,87.6
391_8,1919.7738,71.6,1071.6703,97.4,3.5456,87.6,109.4156,56.6,-1.0983,19.3,-0.26,24.7,30.89,52.1,-6.6,50.1,93.3,65.1
396_1,1832.9777,59.4,906.7421,45.8,3.564,89.5,86.5511,3.6,-3.2267,11.7,3.98,75.7,26.32,26.2,-7.6,10.7,91.3,52.0
396_2,1754.9302,43.7,902.459,43.4,3.4485,80.6,90.6218,8.6,-1.4962,17.7,7.05,91.9,29.23,41.8,-6.6,50.1,91.2,51.1
396_3,1710.2639,35.3,904.1764,44.4,3.4476,80.4,94.4173,14.8,-3.7321,9.8,0.0,34.4,0.0,7.5,-7.5,12.4,91.3,52.0
396_4,1768.3733,45.6,934.2157,58.3,3.5657,89.7,86.1758,2.9,2.2794,36.8,3.47,70.8,30.49,49.6,-7.1,25.6,87.9,32.7
396_5,1714.0107,36.0,952.3207,70.7,3.6367,94.3,90.3064,7.9,-3.5504,10.5,0.28,43.5,31.96,60.0,-6.8,38.1,95.4,77.2
396_6,1594.0859,15.3,918.9469,50.8,3.5149,85.4,88.9258,6.4,-0.6734,21.0,6.65,90.9,31.9,59.6,-6.7,43.8,91.8,55.2
396_7,1770.5592,46.3,949.8424,68.3,3.414,76.4,86.7489,4.0,4.0839,48.7,3.54,71.6,39.78,96.4,-6.2,68.2,92.3,58.5
396_8,1782.4062,47.7,925.1251,52.8,3.5518,88.3,85.3561,2.2,3.1873,42.9,5.77,86.7,36.78,89.0,-6.2,68.2,89.3,39.8
398_1,1427.5917,2.6,757.675,2.4,3.2371,52.5,120.8883,85.4,2.223,36.3,4.18,77.3,26.83,28.4,-7.2,21.3,55.4,0.5
398_2,1607.3813,17.9,814.0314,12.4,3.1195,37.7,121.5654,86.6,-19.4186,0.5,4.84,81.2,31.88,59.3,-6.5,55.0,48.8,0.2
398_3,1481.6161,4.6,823.4951,14.5,3.5101,84.5,124.6625,90.4,-6.4257,4.8,4.12,76.6,30.06,46.5,-7.2,21.3,71.3,1.7
398_4,1409.1989,2.2,788.5259,7.9,3.5637,89.3,125.1293,91.0,-2.4786,14.5,-0.55,22.9,29.99,45.9,-7.5,12.4,73.5,2.4
398_5,1371.7823,1.2,824.6866,14.6,3.5294,86.4,123.3734,89.5,-6.7712,4.1,3.98,75.7,27.3,31.1,-7.2,21.3,68.1,1.5
398_6,1305.5582,0.3,721.5903,1.4,3.1509,41.8,58.7195,0.2,-16.8631,0.7,1.19,51.4,26.25,26.0,-7.3,17.6,63.8,0.9
398_7,1451.6735,3.3,808.1996,10.8,3.3519,71.8,125.2715,91.2,-4.4676,7.9,6.67,91.0,29.5,42.7,-7.1,25.6,53.0,0.3
42_1,3308.0896,100.0,929.6973,55.9,3.6478,95.7,115.0912,72.3,6.5409,66.3,4.66,79.6,35.35,82.6,-6.6,50.1,103.9,98.8
42_2,1715.3997,36.3,951.1824,69.4,3.5019,84.3,112.3448,67.5,-2.0046,15.7,0.0,34.4,0.0,7.5,-8.0,5.9,101.8,97.6
42_3,1719.6067,37.2,933.8995,57.8,3.5686,90.2,112.5407,68.0,-2.9175,12.4,3.96,75.4,29.76,44.1,-6.6,50.1,104.8,99.6
42_4,1800.1511,51.3,915.4393,49.1,3.1655,44.1,118.1462,77.1,7.0001,68.3,-2.43,11.2,27.97,34.6,-7.8,7.5,98.2,89.4
42_5,1807.5548,53.0,951.3947,69.5,3.5524,88.5,114.7684,71.8,8.7881,78.7,-1.79,15.4,31.25,54.9,-6.6,50.1,104.8,99.6
426_1,1782.9426,48.0,814.2584,12.6,3.2031,48.2,93.9991,13.8,-5.442,5.7,-0.84,20.7,29.12,40.9,-5.5,84.3,93.3,65.1
426_2,1764.8774,45.1,822.5184,14.1,3.1355,39.4,93.5607,12.7,0.9551,29.6,1.07,50.4,28.51,38.2,-5.7,81.1,95.5,78.7
426_3,1827.7001,58.2,857.6613,24.4,3.2008,48.0,94.5005,15.5,4.3183,50.9,0.55,45.2,29.55,43.0,-5.6,82.8,98.6,90.4
426_4,1820.3864,56.1,842.339,18.8,3.0599,30.5,94.9899,17.0,3.911,47.7,-2.6,9.8,30.33,48.7,-5.4,85.7,95.4,77.2
426_5,1829.8964,58.9,877.1249,32.4,3.015,25.1,95.8259,19.3,3.0581,41.8,-0.52,23.1,26.85,28.7,-6.3,64.2,96.5,83.6
426_6,1789.1785,49.7,865.7827,28.1,3.092,34.9,97.4863,22.7,-0.5798,21.7,0.18,43.1,31.5,56.3,-5.5,84.3,94.6,73.5
426_7,1776.2704,47.2,1016.1763,92.1,3.0328,27.2,97.7871,23.6,7.2824,70.2,-4.74,4.5,33.7,72.8,-5.1,87.6,92.6,60.7
426_8,1757.6741,44.2,866.8207,28.4,3.4459,80.2,97.5026,22.9,9.2257,82.3,-6.23,2.4,39.04,95.4,-4.6,90.0,96.5,83.6
43_1,2079.4805,88.6,850.4551,21.5,3.482,82.8,98.4959,24.8,14.1809,96.2,-6.39,2.1,36.45,88.0,-6.2,68.2,91.6,53.6
43_2,1921.8625,71.8,872.8942,30.1,3.3267,68.2,106.083,46.6,9.9308,86.4,-3.3,7.4,35.54,83.3,-6.4,59.2,88.1,33.9
43_3,1850.7123,61.1,857.5687,24.3,3.3544,72.1,103.6865,38.6,8.3259,75.7,-1.32,18.6,33.8,73.5,-6.1,71.3,89.8,42.7
43_4,1937.139,73.8,856.5635,23.9,3.4357,79.2,102.6674,34.8,9.3662,83.1,0.55,45.2,37.86,91.6,-6.1,71.3,91.7,54.5
440_1,2049.9592,85.2,801.0318,9.8,3.3769,74.7,128.545,93.3,7.4512,71.4,2.29,59.1,21.08,16.9,-8.3,4.1,80.2,10.5
440_2,2100.5171,90.2,904.7069,44.6,3.3612,73.1,132.283,95.9,5.6673,60.2,8.83,95.4,22.69,18.1,-8.3,4.1,75.8,4.6
440_3,1903.3208,69.4,844.4882,19.4,3.4243,77.5,132.7798,96.0,2.5822,38.4,4.82,80.7,22.24,17.4,-7.9,6.5,77.4,6.8
440_4,2053.2888,85.5,1086.0911,98.8,3.3668,73.8,130.7156,94.3,12.8126,95.0,0.0,34.4,0.0,7.5,-7.9,6.5,87.5,30.4
440_5,1967.3152,76.6,810.1313,11.2,3.4903,83.0,131.5822,95.2,9.1554,81.1,2.64,62.8,25.93,25.0,-7.8,7.5,86.3,26.2
440_6,2028.2396,83.6,992.7324,86.4,3.2842,60.2,128.8558,93.8,4.3031,50.4,12.14,99.5,19.94,16.2,-8.1,5.2,74.3,3.2
440_7,2265.9124,97.1,1148.0894,99.8,3.5013,84.2,127.9554,92.6,8.6458,78.0,9.27,96.4,26.39,26.5,-7.6,10.7,80.8,11.4
440_8,2103.002,90.7,1085.408,98.6,3.1932,46.8,121.9759,87.4,11.735,92.4,9.83,97.6,25.91,24.8,-7.6,10.7,81.8,14.6
447_1,1741.9487,40.8,886.5189,36.5,3.5873,91.2,89.3389,7.2,4.0506,48.4,4.01,76.1,35.0,80.2,-6.7,43.8,97.2,86.1
447_2,1796.0574,50.6,883.395,35.3,3.5581,89.0,90.7392,9.0,8.0914,74.2,0.84,49.1,33.98,74.4,-6.7,43.8,90.8,49.1
447_3,1752.3419,42.9,827.1519,15.0,3.5993,92.1,87.8929,5.0,9.2924,82.4,0.37,44.3,32.38,62.5,-7.2,21.3,91.7,54.5
447_4,1807.5508,52.8,862.8007,27.0,3.6135,92.4,93.3457,12.2,9.3724,83.3,-4.56,4.6,32.71,65.2,-6.8,38.1,92.2,57.8
447_5,1806.5118,52.5,901.6912,43.2,3.54,87.3,90.1307,7.7,4.9974,55.8,5.53,85.0,35.71,84.9,-6.4,59.2,92.6,60.7
447_6,1784.8407,48.2,858.8527,25.1,3.5147,85.2,90.8307,9.6,4.8411,55.1,-0.63,22.5,33.79,73.3,-6.6,50.1,91.0,49.8
447_7,1749.9215,42.3,842.8362,19.1,3.5904,91.7,93.6639,13.1,5.0017,55.9,1.13,51.1,29.99,45.9,-6.9,32.8,93.2,64.4
447_8,1835.7018,59.7,884.813,35.6,3.6461,95.4,93.3804,12.6,10.2008,87.8,-2.54,10.4,35.28,81.6,-6.3,64.2,94.1,71.0
448_1,1729.4626,38.9,831.4185,16.0,3.2916,61.3,131.387,94.8,1.5542,32.0,3.21,67.0,27.64,32.5,-7.3,17.6,87.7,31.7
448_2,1813.7339,54.6,879.7031,33.6,3.0774,33.0,130.5767,94.1,-5.181,5.9,-5.81,2.6,32.99,67.7,-6.5,55.0,85.2,22.5
448_3,1731.0559,39.2,883.387,34.9,3.3306,68.5,127.6625,92.3,9.7968,85.5,2.49,60.9,27.08,29.9,-7.6,10.7,88.0,33.2
448_4,1606.2949,17.7,847.6492,20.7,3.2456,54.0,131.6492,95.4,-2.8935,12.9,0.0,34.4,0.0,7.5,-6.8,38.1,97.0,85.6
448_5,1812.9225,54.0,903.7041,44.1,3.0548,29.4,129.7474,94.0,2.9707,41.1,0.03,42.3,29.13,41.1,-7.2,21.3,99.7,92.6
448_6,1887.3562,67.0,927.0134,54.0,2.9375,16.7,131.9972,95.5,8.5549,76.9,-2.13,13.3,31.07,53.8,-7.1,25.6,88.3,34.9
448_7,1883.8081,66.8,920.2983,51.3,3.1276,38.7,133.1376,96.4,2.1521,35.8,-7.5,1.2,26.56,27.0,-7.5,12.4,92.9,62.7
448_8,1768.3932,45.8,924.925,52.7,3.0719,31.8,127.7804,92.4,1.4812,31.7,-2.04,14.2,27.3,31.1,-7.4,14.6,94.2,71.9
45_1,1695.1355,32.0,839.088,17.9,3.0716,31.7,123.3448,89.3,-3.6308,10.2,-5.22,3.6,29.09,40.4,-7.2,21.3,87.3,29.7
45_2,1697.5145,32.7,885.4537,36.0,2.9536,17.9,118.1866,77.3,8.5431,76.6,-8.75,0.3,35.22,81.2,-7.0,28.9,91.6,53.6
45_3,1593.4058,15.1,852.5641,22.0,2.9792,20.8,118.4958,78.1,6.0224,61.8,-0.9,20.1,32.88,66.7,-6.8,38.1,93.6,67.0
45_4,1602.3219,17.0,817.7048,13.1,2.9669,19.6,122.5657,87.8,3.8556,47.2,-2.5,10.7,31.07,53.8,-6.7,43.8,85.9,24.7
45_5,1740.6425,40.6,877.161,32.7,3.0623,30.8,117.8714,76.4,9.3114,82.6,-0.73,21.9,35.27,81.4,-6.8,38.1,90.3,45.4
450_1,1820.9999,56.5,1090.6812,99.0,2.8612,12.0,119.7431,82.1,4.6522,53.5,1.5,53.4,38.48,93.1,-6.2,68.2,94.1,71.0
450_2,1826.382,57.7,1064.7231,96.6,3.1456,41.1,118.9369,79.5,6.3289,64.9,5.05,82.4,35.97,86.7,-6.5,55.0,89.1,38.4
450_3,1837.8762,59.9,1071.6569,97.2,3.2446,53.7,119.0601,80.0,4.2441,49.7,3.71,72.5,30.71,51.1,-7.1,25.6,95.5,78.7
450_4,1807.7242,53.2,1063.9042,96.4,3.0722,32.2,123.2186,88.8,3.2157,43.2,2.73,63.6,32.49,63.6,-6.6,50.1,91.6,53.6
450_5,1861.2888,63.3,1076.1873,97.9,3.0558,29.8,123.2997,89.0,8.1667,74.5,1.61,54.4,32.78,65.9,-6.6,50.1,93.0,63.2
450_6,1888.0906,67.1,1045.1234,95.0,3.2373,52.7,123.0404,88.5,-1.3462,18.4,3.3,68.5,30.96,52.8,-6.8,38.1,91.2,51.1
450_7,1822.22,57.0,1033.4172,93.8,3.2788,59.2,119.8945,83.1,-3.6198,10.3,6.56,90.0,33.38,70.2,-6.2,68.2,93.5,66.6
450_8,1812.9474,54.2,1097.2896,99.1,3.3195,67.0,119.2375,80.6,3.6768,46.5,5.91,87.5,32.1,62.0,-6.7,43.8,90.8,49.1
451_1,1974.3735,77.6,854.5393,22.9,3.5894,91.6,119.7514,82.3,6.4612,65.7,0.0,34.4,0.0,7.5,0.0,95.8,82.6,16.8
451_2,1981.4816,78.3,872.6697,29.8,3.3549,72.3,119.2553,80.7,4.7473,54.0,-5.77,2.8,34.93,80.0,-6.1,71.3,74.3,3.2
451_3,1700.986,33.9,830.5685,15.8,3.3496,71.6,120.1538,83.8,4.3597,51.3,5.11,83.0,30.7,50.9,-6.2,68.2,91.1,50.4
451_4,1944.3855,74.2,874.2584,30.6,3.3235,68.0,121.1136,85.9,10.4534,89.2,3.01,65.6,32.4,62.9,-6.2,68.2,94.3,72.4
451_5,1865.3455,64.0,885.0549,35.8,3.2764,58.2,120.5261,84.3,8.5871,77.5,-8.47,0.5,32.95,67.0,-5.7,81.1,87.7,31.7
451_6,2018.6052,82.4,916.743,49.6,3.4321,78.8,120.6942,84.9,10.7867,90.5,6.54,89.8,35.16,80.9,-5.5,84.3,93.4,66.0
451_7,1800.1619,51.5,903.6285,43.9,3.2955,62.3,120.4972,84.2,7.2154,69.7,-2.66,9.5,33.32,69.2,-6.1,71.3,93.9,68.9
451_8,1983.8843,78.5,873.1574,30.3,3.3081,64.5,121.3172,86.2,11.1201,91.2,0.0,34.4,0.0,7.5,0.0,95.8,89.2,39.2
468_1,1932.9291,73.0,944.3528,65.2,2.9206,15.1,109.6556,58.0,8.3432,76.1,-7.02,1.5,28.75,39.1,-7.4,14.6,93.2,64.4
468_2,1644.458,24.1,896.2871,41.0,3.0246,26.0,110.9893,63.3,7.0266,68.5,-2.99,9.0,28.28,36.9,-7.8,7.5,92.3,58.5
468_3,1662.2606,27.0,938.4208,60.4,2.9655,19.4,108.6715,54.2,4.6724,53.7,1.06,50.3,29.87,45.2,-7.2,21.3,91.9,56.0
468_4,1858.6838,62.7,868.8585,28.7,3.0677,31.3,112.8611,68.7,2.8761,40.6,0.0,34.4,0.0,7.5,-6.9,32.8,89.6,41.4
468_5,1851.1177,61.3,851.7678,21.7,2.9972,23.6,107.9675,51.8,5.0309,56.1,0.0,34.4,0.0,7.5,-8.6,2.9,90.7,48.5
468_6,1820.5216,56.3,940.918,62.7,2.8636,12.2,110.9915,63.5,-10.9223,1.0,0.94,49.9,29.39,42.5,-7.3,17.6,89.1,38.4
468_7,1940.7802,74.0,899.4351,42.3,2.985,22.0,106.809,49.2,6.0543,62.3,-0.94,20.0,31.97,60.4,-7.4,14.6,91.3,52.0
468_8,1867.8284,64.4,925.5741,53.2,3.0397,27.5,107.5309,50.8,7.4661,71.6,-0.81,21.1,30.93,52.4,-7.1,25.6,95.5,78.7
47_1,1908.9509,70.4,958.4118,73.8,2.8651,12.4,109.1172,55.8,3.4293,44.9,-1.53,16.9,35.55,83.6,-7.2,21.3,88.1,33.9
47_2,1898.0894,68.8,909.0535,46.1,2.7615,7.4,113.6477,70.4,-4.5884,7.4,2.0,56.3,32.04,61.4,-6.6,50.1,86.5,27.2
47_3,1913.8346,71.1,899.1282,42.2,2.7394,6.5,112.9306,69.2,-3.2308,11.5,0.0,34.4,0.0,7.5,-7.5,12.4,86.3,26.2
47_4,1911.9675,70.6,856.8832,24.1,2.8471,11.5,115.9504,74.5,-1.6154,17.4,1.08,50.7,30.27,47.6,-6.7,43.8,85.7,24.0
47_5,1971.3557,77.1,914.5894,48.5,2.8221,9.6,106.8112,49.4,5.7971,60.8,2.21,58.9,31.71,58.2,-7.2,21.3,88.1,33.9
474_1,1993.1664,79.5,841.5659,18.4,3.1102,36.8,105.6304,44.9,2.7043,39.4,-1.63,16.0,28.42,37.7,-7.1,25.6,90.3,45.4
474_2,1819.1794,55.6,1008.1554,90.4,3.2921,61.4,104.7053,41.7,10.1431,87.4,3.68,72.3,37.54,90.7,-5.9,76.3,90.7,48.5
474_3,1761.0912,44.8,792.0038,8.3,3.1564,42.5,103.5283,38.2,5.4751,59.2,0.81,48.1,29.07,40.3,-6.5,55.0,90.2,44.8
474_4,1897.8964,68.7,844.6328,19.6,3.3731,74.2,106.9575,49.7,2.5025,38.0,1.24,52.0,35.93,86.4,-6.0,73.8,89.9,43.1
474_5,1826.8557,57.8,945.0152,65.6,3.2797,59.4,107.7064,50.9,4.564,53.0,-2.05,13.9,31.28,55.1,-6.8,38.1,95.5,78.7
474_6,1824.3707,57.5,811.6163,11.4,2.9804,21.0,103.2705,37.7,6.4413,65.4,0.63,46.4,32.95,67.0,-6.4,59.2,95.3,76.5
474_7,1693.6967,31.5,836.0131,17.0,3.3651,73.7,102.4983,34.3,5.3382,58.5,4.78,80.5,28.33,37.3,-6.8,38.1,89.9,43.1
474_8,1750.4698,42.5,917.4458,50.1,3.1593,43.2,107.9071,51.6,8.2884,75.6,3.08,65.8,30.7,50.9,-6.7,43.8,90.4,46.1
478_1,1833.5415,59.6,890.1676,38.2,3.2776,58.5,110.691,61.6,2.4672,37.7,0.83,48.8,29.84,44.9,-4.9,88.6,98.7,90.8
478_2,1844.7535,60.8,890.063,37.9,3.0757,32.9,111.4207,65.4,6.0346,62.1,2.1,57.0,34.6,78.7,-4.9,88.6,92.3,58.5
478_3,1761.0479,44.6,866.4376,28.2,2.9018,13.4,111.1638,64.2,6.2758,64.4,2.14,57.6,31.35,55.2,-5.2,87.0,101.2,96.2
478_4,1819.2866,55.8,870.7659,29.3,3.2614,55.6,109.7198,58.3,8.2268,75.0,0.16,42.9,32.79,66.1,-4.8,89.3,99.5,92.0
478_5,1813.806,54.7,888.9296,37.0,3.3147,65.4,108.9381,54.9,3.7693,46.8,-1.49,17.3,26.34,26.3,-5.4,85.7,101.5,97.0
478_6,1843.877,60.6,913.607,47.5,3.0797,33.4,111.3219,64.9,6.8898,67.8,3.77,73.1,34.73,79.7,-4.5,90.4,93.7,67.6
478_7,1721.0098,37.9,886.2868,36.3,3.3285,68.3,111.7049,66.1,4.157,49.1,-1.56,16.4,31.58,57.0,-5.0,88.0,96.7,84.7
48_1,2260.625,96.9,915.2863,48.9,2.91,14.1,97.1947,22.4,-23.1958,0.2,-2.54,10.4,28.11,35.7,-7.2,21.3,95.8,81.0
48_2,2203.3987,95.4,894.0276,39.9,2.8341,10.5,102.5402,34.6,7.909,73.5,0.65,46.6,27.74,33.6,-7.3,17.6,97.4,86.7
48_3,2302.467,97.8,943.8673,64.5,2.9819,21.3,98.5969,25.3,0.3361,27.0,0.45,44.6,28.18,36.1,-7.4,14.6,96.8,85.2
48_4,2126.6904,92.4,898.8337,42.0,3.0927,35.1,99.4896,26.9,8.3298,75.9,0.15,42.7,29.12,40.9,-7.3,17.6,95.5,78.7
48_5,2403.3442,98.5,935.5721,59.4,2.9953,22.9,100.7828,29.6,4.2494,49.9,-2.34,11.7,32.75,65.7,-6.6,50.1,93.4,66.0
490_1,1908.343,70.1,861.5038,26.5,3.2032,48.4,117.8411,76.2,-3.4663,10.7,-7.98,0.9,25.12,22.9,-6.1,71.3,90.4,46.1
490_2,1932.3198,72.6,951.4099,69.7,3.2194,50.8,112.6971,68.3,8.1982,74.7,-2.14,13.0,33.57,71.8,-5.0,88.0,88.6,36.1
490_3,2011.3949,81.6,953.3736,71.1,3.3465,71.1,118.7609,79.0,5.034,56.3,-4.3,5.5,30.07,46.6,-5.6,82.8,89.4,40.4
490_4,1985.7136,78.8,930.7118,56.8,3.1128,37.2,117.0389,75.6,4.5283,52.7,-1.49,17.3,27.85,33.9,-7.0,28.9,93.0,63.2
490_5,2046.2611,85.0,936.5885,59.7,3.2234,51.1,119.8214,82.6,10.1861,87.6,-5.32,3.4,34.02,74.8,-4.8,89.3,90.6,47.9
490_6,1904.8914,69.9,901.1999,42.9,3.1488,41.7,121.8823,87.3,3.4328,45.1,-8.27,0.7,31.76,58.6,-5.2,87.0,89.9,43.1
490_7,2003.9612,80.6,928.1047,54.6,3.2153,49.9,118.5572,78.3,8.4117,76.2,-4.32,5.0,30.49,49.6,-6.1,71.3,94.2,71.9
490_8,2022.5956,83.0,958.0238,73.1,3.2299,51.8,115.4825,73.8,10.0174,86.7,0.27,43.4,34.41,77.7,-4.9,88.6,95.0,75.1
492_1,1682.2811,29.9,875.0251,31.2,3.2689,57.1,102.7097,35.1,2.2533,36.7,2.29,59.1,26.84,28.6,-6.1,71.3,84.8,21.5
492_2,2122.8657,92.1,930.4866,56.6,3.2001,47.8,102.033,32.5,-2.8593,13.4,0.03,42.3,20.08,16.4,-6.5,55.0,64.4,1.4
492_3,1736.5509,40.4,910.0945,46.6,3.2467,54.2,102.8577,35.6,-6.5014,4.6,-1.17,18.9,23.46,19.4,-6.1,71.3,91.2,51.1
492_4,1687.2513,30.6,935.5354,59.2,3.0495,28.9,104.1504,40.1,3.3314,43.7,0.5,44.9,22.41,17.7,-6.6,50.1,81.5,13.9
492_5,1567.7523,10.7,875.7629,31.7,3.3588,72.8,100.7976,29.8,-8.7632,1.5,0.18,43.1,19.72,15.8,-6.7,43.8,81.7,14.5
492_6,1611.801,19.3,926.6763,53.9,3.2728,57.7,100.946,30.5,-0.6648,21.3,0.0,34.4,0.0,7.5,-6.8,38.1,89.5,40.9
492_7,1543.1536,8.4,928.0334,54.2,3.1124,37.0,98.9772,26.0,-1.5429,17.6,-3.25,7.7,25.75,24.3,-5.8,78.7,81.4,13.5
492_8,1609.7748,18.8,961.0119,75.0,3.1324,38.9,102.7766,35.3,4.0412,48.2,-1.95,15.0,31.22,54.6,-5.2,87.0,86.1,25.2
500_1,1892.3719,68.0,1005.0224,89.7,2.9688,20.1,96.8225,21.9,6.9829,68.2,1.67,55.1,31.64,57.7,-7.1,25.6,95.5,78.7
500_2,1903.7139,69.5,1011.447,91.4,3.1859,46.0,92.1084,11.0,1.9514,33.2,-3.54,6.9,28.6,38.7,-7.5,12.4,102.3,97.9
500_3,1851.8467,61.4,958.111,73.3,2.8348,10.8,95.1749,17.6,-0.7518,20.5,3.78,73.6,33.29,69.0,-6.9,32.8,101.1,95.7
500_4,1871.8024,65.7,975.7883,79.9,3.3465,70.9,97.9326,23.8,-1.2345,18.6,-0.31,24.4,28.32,37.2,-7.1,25.6,100.8,94.8
500_5,1890.7296,67.6,1036.2155,94.1,3.0106,24.8,95.2817,17.9,9.5722,84.0,-1.09,19.2,33.25,68.8,-6.7,43.8,95.0,75.1
500_6,1866.4757,64.2,1030.0038,93.5,3.1954,47.0,96.6848,21.0,-5.0796,6.0,-1.07,19.4,30.96,52.8,-6.8,38.1,94.5,73.1
500_7,1821.2046,56.6,991.8188,86.1,3.3123,65.1,94.394,14.5,10.4617,89.3,-0.47,23.4,38.01,92.1,-6.6,50.1,100.6,94.3
500_8,1888.2778,67.3,979.3513,80.9,3.0022,24.4,96.1133,19.8,17.9926,99.8,3.29,68.2,40.32,96.9,-5.8,78.7,87.9,32.7
509_1,2164.4238,93.3,1064.744,96.7,4.4331,100.0,112.3195,67.3,15.9314,98.5,0.0,34.4,0.0,7.5,-7.6,10.7,95.5,78.7
509_2,2069.1511,87.1,1054.525,95.7,3.3701,74.0,110.5153,60.9,22.6492,100.0,-2.31,11.9,37.25,90.0,-6.2,68.2,91.9,56.0
509_3,2078.4685,88.5,1049.0542,95.2,3.4766,82.1,109.3922,56.5,15.6776,98.1,-3.62,6.7,30.04,46.3,-7.2,21.3,92.8,62.0
509_4,1916.816,71.4,984.4232,82.8,2.8184,9.3,113.1979,69.9,16.4776,98.8,1.76,55.7,32.98,67.5,-6.6,50.1,91.0,49.8
509_5,2027.2743,83.3,1152.3826,100.0,3.1909,46.5,110.8591,62.5,11.6402,92.3,-5.34,3.3,29.87,45.2,-7.0,28.9,96.7,84.7
509_6,1953.4125,75.0,1122.1143,99.3,3.2395,53.2,111.8883,66.6,8.933,79.5,-0.22,25.4,27.22,30.7,-7.5,12.4,92.6,60.7
509_7,1936.1859,73.5,991.4084,85.5,3.2943,62.0,110.1647,59.7,12.9785,95.5,4.13,76.8,30.54,50.3,-6.6,50.1,99.0,91.4
509_8,2027.6351,83.5,1129.8477,99.5,3.4793,82.6,111.3868,65.2,17.4616,99.5,-2.35,11.5,34.18,75.9,-6.6,50.1,93.7,67.6
51_1,1592.8217,14.6,953.9227,71.3,3.7068,97.9,103.6866,38.7,-7.9693,2.9,6.18,88.8,25.31,23.4,-8.1,5.2,82.0,15.6
51_2,1730.958,39.1,925.4471,53.0,3.6295,93.8,105.9865,46.1,2.2098,36.1,9.53,96.9,27.88,34.1,-7.2,21.3,81.5,13.9
51_3,1464.7406,4.0,1012.1045,91.6,3.6546,96.4,101.8274,32.0,-0.6735,20.8,6.01,88.1,30.93,52.4,-7.3,17.6,80.3,10.7
51_4,1476.806,4.5,947.0685,66.4,3.5714,90.5,102.3077,33.9,-10.8166,1.2,4.32,78.1,30.5,49.9,-7.1,25.6,81.0,12.1
51_5,1746.8556,41.7,957.6055,72.5,3.4776,82.3,103.9348,39.4,7.8737,73.3,4.78,80.5,34.72,79.5,-7.0,28.9,78.9,8.9
56_1,1533.9611,7.7,753.1329,2.2,3.1567,42.7,106.7754,49.1,3.6043,46.3,-1.79,15.4,24.86,22.7,-8.1,5.2,90.5,47.1
56_2,1380.3414,1.4,828.689,15.5,3.3079,64.2,106.3315,48.0,1.9619,33.4,2.05,56.8,22.71,18.2,-8.7,2.4,96.1,82.0
56_3,1749.3513,42.2,762.6256,3.1,3.1001,35.6,104.9485,42.7,9.1739,81.2,0.02,42.0,22.76,18.4,-8.9,1.8,95.2,75.9
56_4,1693.8131,31.7,801.4132,10.0,3.24,53.4,107.8528,51.3,13.0696,95.7,0.32,43.8,28.27,36.7,-8.0,5.9,94.0,69.9
56_5,1469.158,4.1,793.6154,8.8,3.32,67.1,105.2854,44.1,12.64,94.5,5.91,87.5,27.13,30.1,-9.4,0.5,91.4,52.8
59_1,1584.4403,13.8,957.8787,72.8,2.7792,8.4,99.4908,27.0,16.0499,98.6,-0.1,26.5,42.04,98.3,-6.7,43.8,89.6,41.4
59_2,1620.1622,20.8,891.9505,39.1,3.3519,71.9,101.4559,31.7,10.6571,89.8,0.0,34.4,0.0,7.5,-6.6,50.1,88.6,36.1
59_3,1641.0299,23.6,906.6642,45.6,3.3446,70.6,98.3259,24.4,8.5528,76.8,3.14,66.3,45.43,100.0,-5.8,78.7,91.6,53.6
59_4,1548.7946,9.5,914.2131,47.8,3.3012,63.0,97.7256,23.4,12.1905,93.6,-3.13,8.3,42.5,99.3,-6.6,50.1,92.6,60.7
59_5,1598.1249,16.0,938.8569,60.8,3.1365,39.6,97.55,23.2,9.1944,81.8,0.0,34.4,0.0,7.5,-6.0,73.8,90.5,47.1
67_1,1769.5726,46.0,781.9703,7.2,3.1399,40.4,95.8951,19.6,4.6745,53.9,-5.72,2.9,35.58,84.0,-6.6,50.1,85.0,21.9
67_2,1637.2708,22.7,761.0558,2.9,3.1453,41.0,96.5443,20.7,2.0824,34.8,5.42,84.5,34.37,77.1,-6.5,55.0,86.8,27.9
67_3,1577.434,12.4,787.863,7.7,3.1655,43.9,93.848,13.3,2.033,34.1,4.66,79.6,37.49,90.4,-5.9,76.3,83.1,18.0
67_4,1522.2534,6.9,842.7441,18.9,3.0254,26.2,99.1316,26.3,-1.8838,16.4,-1.21,18.8,31.99,61.0,-6.9,32.8,84.4,20.4
67_5,1669.3605,28.2,786.919,7.4,3.042,28.1,100.2442,28.7,7.9926,73.7,2.6,62.1,38.36,92.8,-6.0,73.8,86.9,28.4
68_1,1970.8468,76.9,823.2939,14.3,3.2387,53.0,104.6591,41.5,10.7479,90.4,6.53,89.7,36.47,88.1,-6.7,43.8,98.2,89.4
68_2,2014.3804,82.3,780.9485,7.1,3.1326,39.1,108.0614,52.3,12.9751,95.4,1.9,56.1,37.97,91.9,-6.4,59.2,97.4,86.7
68_3,1914.6313,71.3,772.0697,5.3,3.1743,44.6,106.5048,48.4,11.7455,92.6,2.19,58.3,39.28,95.7,-6.6,50.1,98.6,90.4
68_4,1814.4098,54.9,760.7219,2.8,2.9267,15.8,106.0956,47.0,7.7151,72.6,2.86,64.7,29.74,43.7,-7.3,17.6,99.7,92.6
68_5,2076.3157,88.3,769.0294,4.6,3.3617,73.3,104.8836,42.0,10.3521,88.6,2.2,58.6,33.51,70.8,-6.6,50.1,99.5,92.0
69_1,1698.0919,33.0,861.9069,26.7,2.9188,15.0,106.8839,49.6,-1.0682,19.6,0.82,48.5,35.3,81.9,-6.5,55.0,93.1,63.8
69_2,1731.1328,39.4,876.1677,32.0,3.1234,38.2,106.6812,48.9,3.5905,46.1,2.61,62.4,38.1,92.3,-6.4,59.2,94.3,72.4
69_3,1603.9529,17.2,832.563,16.7,3.2682,57.0,102.8068,35.5,3.4832,45.4,4.63,79.2,35.56,83.8,-6.9,32.8,92.8,62.0
69_4,1722.0182,38.2,809.8145,11.0,3.1742,44.4,100.7478,29.4,1.3175,30.5,0.0,34.4,0.0,7.5,-6.7,43.8,96.5,83.6
69_5,1587.04,14.1,811.9351,11.5,3.1981,47.3,102.234,33.4,-1.9592,16.0,2.93,65.1,35.87,85.9,-6.8,38.1,94.0,69.9
72_1,1764.1799,44.9,770.4573,5.2,3.0088,24.6,119.013,79.9,5.8335,61.3,1.22,51.6,34.64,79.0,-6.7,43.8,81.9,15.1
72_2,1796.4492,50.8,827.3577,15.1,3.1348,39.2,118.4094,78.0,5.1606,56.8,0.36,44.1,33.03,68.0,-6.9,32.8,82.7,17.3
72_4,1788.3557,49.4,739.6453,1.7,2.8721,12.6,119.0818,80.2,-4.108,8.4,0.0,34.4,0.0,7.5,-6.3,64.2,80.5,11.0
72_5,1674.5802,28.7,860.6144,26.0,2.8588,11.9,118.5887,78.5,-6.533,4.5,3.14,66.3,36.88,89.5,-6.1,71.3,78.0,7.6
73_1,2003.9998,80.7,928.7552,55.1,2.9213,15.3,112.6819,68.2,6.8375,67.6,2.59,62.0,42.17,98.6,-5.4,85.7,76.0,5.1
73_2,1927.9269,72.5,916.7441,49.7,2.9597,19.1,113.9467,70.7,12.6126,94.3,5.57,85.7,39.21,95.5,-6.0,73.8,78.7,8.2
73_3,2050.9424,85.4,969.3036,77.8,2.3579,0.5,89.2545,7.1,9.7384,84.9,3.77,73.1,39.52,95.9,-6.3,64.2,81.9,15.1
73_4,2252.4084,96.7,1004.919,89.5,2.5884,2.2,109.0785,55.4,10.6309,89.5,0.85,49.4,43.14,99.5,-5.5,84.3,76.4,5.6
73_5,2173.3652,93.8,1016.3989,92.3,2.6632,4.0,119.5101,81.6,9.8188,85.9,-2.96,9.1,40.69,97.2,-5.7,81.1,80.1,10.2
81_1,1718.7792,36.8,836.2386,17.4,2.9376,16.9,126.598,91.7,4.3128,50.8,8.59,94.8,33.18,68.5,-6.7,43.8,90.8,49.1
81_2,1690.2126,31.0,858.027,24.6,2.8784,12.9,124.2827,90.0,4.4744,52.2,0.0,34.4,0.0,7.5,-7.3,17.6,91.9,56.0
81_3,1860.2767,63.2,918.5385,50.3,2.9768,20.7,123.2034,88.6,6.6721,67.0,-1.58,16.2,24.54,21.7,-7.1,25.6,96.8,85.2
81_4,1782.621,47.8,884.1287,35.5,3.0345,27.4,123.9119,89.7,9.3785,83.5,3.48,71.1,28.23,36.5,-6.9,32.8,91.7,54.5
81_5,1720.2427,37.3,926.0627,53.5,2.9247,15.7,128.4945,93.1,-0.4966,22.4,-1.42,17.9,26.54,26.9,-7.1,25.6,91.2,51.1
84_1,1581.9644,13.3,881.0062,33.9,3.2943,62.1,97.2829,22.5,7.3721,70.9,-1.09,19.2,37.08,89.8,-5.7,81.1,95.0,75.1
84_2,1525.8021,7.2,862.092,26.9,3.1091,36.7,94.7597,16.5,5.1767,57.0,-4.31,5.2,36.61,88.5,-5.9,76.3,95.7,80.6
84_3,1653.5984,25.8,858.9567,25.3,3.0417,27.9,97.0799,22.0,1.374,30.8,3.79,73.9,31.99,61.0,-6.4,59.2,93.2,64.4
84_4,1546.8594,9.0,890.7776,38.6,3.0313,26.9,94.4529,15.1,0.6939,28.7,1.19,51.4,35.88,86.1,-5.7,81.1,91.3,52.0
84_5,1609.2556,18.4,881.5908,34.4,3.0271,26.5,96.4041,20.5,4.3067,50.6,0.0,34.4,0.0,7.5,0.0,95.8,96.5,83.6
86_1,1520.2566,6.7,860.9936,26.2,2.8383,11.2,94.5996,15.8,5.9453,61.4,0.0,34.4,0.0,7.5,-6.6,50.1,91.7,54.5
86_2,1719.5587,37.0,958.2596,73.7,3.1034,35.8,98.7212,25.6,2.8507,40.4,3.98,75.7,35.77,85.2,-6.4,59.2,96.8,85.2
86_3,1655.0676,26.0,889.9213,37.7,2.9687,20.0,96.7208,21.3,3.4045,44.8,4.05,76.2,28.11,35.7,-7.7,9.0,97.9,88.6
86_4,1649.4635,25.0,794.5546,9.1,3.0531,29.3,102.2625,33.7,1.777,32.9,9.22,96.0,25.51,23.9,-7.7,9.0,92.5,59.8
86_5,1765.1786,45.3,935.3278,58.9,3.0664,31.2,98.8903,25.8,7.3829,71.1,3.63,71.9,31.97,60.4,-7.3,17.6,100.4,93.8
89_1,1794.2339,50.4,859.0192,25.5,3.3029,63.2,101.3918,31.5,2.9095,40.8,-1.56,16.4,28.06,35.1,-6.3,64.2,95.1,75.6
89_2,1801.3269,51.6,846.6447,20.0,3.4286,78.3,102.9176,35.8,6.2198,63.5,-2.63,9.6,24.8,22.4,-7.2,21.3,97.5,87.2
89_3,1685.0315,30.5,820.1794,13.8,3.1384,40.1,102.9662,36.3,-1.8704,16.5,-0.26,24.7,23.02,18.8,-7.6,10.7,96.1,82.0
89_4,1811.6665,53.7,838.6638,17.7,3.3033,63.3,104.1384,39.9,6.2593,64.2,0.6,45.8,23.43,19.3,-7.7,9.0,94.0,69.9
89_5,1790.4404,49.9,846.7994,20.3,3.1368,39.8,103.0543,36.7,-2.4388,14.6,0.0,34.4,33.21,68.7,-7.1,25.6,93.7,67.6
